image name,pedestrian in image,model prediction
DSCF0042.JPG,FALSE,FALSE
DSCF0043.JPG,FALSE,TRUE
DSCF0041.JPG,FALSE,FALSE
DSCF0018.JPG,FALSE,FALSE
DSCF0019.JPG,FALSE,FALSE
DSCF0022.JPG,FALSE,FALSE
DSCF0023.JPG,FALSE,FALSE
DSCF0011.JPG,FALSE,FALSE
DSCF0185.JPG,FALSE,TRUE
DSCF0178.JPG,FALSE,FALSE
DSCF0187.JPG,FALSE,FALSE
DSCF0233.JPG,FALSE,FALSE
DSCF0186.JPG,FALSE,TRUE
DSCF0179.JPG,FALSE,FALSE
DSCF0182.JPG,FALSE,FALSE
DSCF0009.JPG,FALSE,FALSE
DSCF0183.JPG,FALSE,FALSE
DSCF0181.JPG,FALSE,TRUE
DSCF0234.JPG,FALSE,FALSE
DSCF0235.JPG,FALSE,FALSE
DSCF0050.JPG,FALSE,FALSE
DSCF0246.JPG,FALSE,Not found
DSCF0247.JPG,FALSE,Not found
DSCF0045.JPG,FALSE,FALSE
DSCF0051.JPG,FALSE,FALSE
DSCF0047.JPG,FALSE,FALSE
DSCF0053.JPG,FALSE,TRUE
DSCF0245.JPG,FALSE,Not found
DSCF0251.JPG,FALSE,Not found
DSCF0250.JPG,FALSE,Not found
DSCF0046.JPG,FALSE,FALSE
DSCF0241.JPG,FALSE,Not found
DSCF0055.JPG,FALSE,FALSE
DSCF0243.JPG,FALSE,Not found
DSCF0242.JPG,FALSE,Not found
DSCF0054.JPG,FALSE,FALSE
DSCF0065.JPG,FALSE,TRUE
DSCF0066.JPG,FALSE,FALSE
DSCF0067.JPG,FALSE,FALSE
DSCF0063.JPG,FALSE,FALSE
DSCF0249.JPG,FALSE,Not found
DSCF0062.JPG,FALSE,FALSE
DSCF0049.JPG,FALSE,FALSE
DSCF0061.JPG,FALSE,Not found
DSCF0173.JPG,FALSE,Not found
DSCF0174.JPG,FALSE,Not found
DSCF0175.JPG,FALSE,Not found
DSCF0177.JPG,FALSE,Not found
DSCF0237.JPG,FALSE,Not found
DSCF0238.JPG,FALSE,Not found
DSCF0239.JPG,FALSE,Not found
DSCF0253.JPG,TRUE,Not found
DSCF0254.JPG,TRUE,Not found
DSCF0255.JPG,TRUE,Not found
DSCF0001.JPG,TRUE,Not found
DSCF0003.JPG,TRUE,Not found
DSCF0002.JPG,TRUE,Not found
DSCF0027.JPG,FALSE,Not found
DSCF0026.JPG,FALSE,Not found
DSCF0030.JPG,FALSE,Not found
DSCF0031.JPG,FALSE,Not found
DSCF0025.JPG,FALSE,Not found
DSCF0021.JPG,FALSE,Not found
DSCF0069.JPG,FALSE,Not found
DSCF0071.JPG,FALSE,Not found
DSCF0070.JPG,FALSE,Not found
DSCF0006.JPG,FALSE,Not found
DSCF0007.JPG,FALSE,Not found
DSCF0013.JPG,FALSE,Not found
DSCF0005.JPG,FALSE,Not found
DSCF0014.JPG,FALSE,Not found
DSCF0029.JPG,FALSE,Not found
DSCF0015.JPG,FALSE,Not found
DSCF0017.JPG,FALSE,Not found
DSCF0033.JPG,FALSE,Not found
DSCF0035.JPG,FALSE,Not found
DSCF0034.JPG,FALSE,Not found
DSCF0037.JPG,FALSE,Not found
DSCF0039.JPG,FALSE,FALSE
DSCF0038.JPG,FALSE,FALSE
DSCF0021.JPG,FALSE,FALSE
DSCF0022.JPG,FALSE,FALSE
DSCF0023.JPG,FALSE,TRUE
DSCF0006.JPG,FALSE,FALSE
DSCF0007.JPG,FALSE,FALSE
DSCF0005.JPG,FALSE,FALSE
DSCF0033.JPG,FALSE,Not found
DSCF0018.JPG,FALSE,Not found
DSCF0019.JPG,FALSE,Not found
DSCF0035.JPG,FALSE,Not found
DSCF0009.JPG,FALSE,Not found
DSCF0034.JPG,FALSE,Not found
DSCF0013.JPG,FALSE,Not found
DSCF0039.JPG,FALSE,TRUE
DSCF0011.JPG,FALSE,Not found
DSCF0010.JPG,FALSE,Not found
DSCF0038.JPG,FALSE,FALSE
DSCF0014.JPG,FALSE,Not found
DSCF0015.JPG,FALSE,Not found
DSCF0017.JPG,FALSE,Not found
DSCF0001.JPG,FALSE,FALSE
DSCF0003.JPG,FALSE,FALSE
DSCF0002.JPG,FALSE,FALSE
DSCF0042.JPG,TRUE,Not found
DSCF0043.JPG,TRUE,Not found
DSCF0041.JPG,TRUE,Not found
DSCF0037.JPG,FALSE,TRUE
DSCF0044.JPG,TRUE,FALSE
DSCF0001.JPG,TRUE,FALSE
IMG_0349.JPG,FALSE,FALSE
IMG_0529.JPG,FALSE,FALSE
IMG_0294.JPG,FALSE,FALSE
IMG_0531.JPG,FALSE,FALSE
IMG_0530.JPG,FALSE,FALSE
IMG_0295.JPG,FALSE,FALSE
IMG_0286.JPG,FALSE,FALSE
IMG_0287.JPG,FALSE,FALSE
IMG_0293.JPG,FALSE,FALSE
IMG_0225.JPG,FALSE,FALSE
IMG_0379.JPG,FALSE,FALSE
IMG_0351.JPG,FALSE,FALSE
IMG_0345.JPG,FALSE,FALSE
IMG_0350.JPG,FALSE,FALSE
IMG_0378.JPG,FALSE,FALSE
IMG_0226.JPG,FALSE,FALSE
IMG_0346.JPG,FALSE,FALSE
IMG_0227.JPG,FALSE,FALSE
IMG_0014.JPG,FALSE,FALSE
IMG_0570.JPG,FALSE,FALSE
IMG_0362.JPG,FALSE,FALSE
IMG_0410.JPG,FALSE,FALSE
IMG_0438.JPG,FALSE,FALSE
IMG_0606.JPG,FALSE,FALSE
IMG_0175.JPG,FALSE,FALSE
IMG_0607.JPG,FALSE,FALSE
IMG_0439.JPG,FALSE,FALSE
IMG_0411.JPG,FALSE,FALSE
IMG_0377.JPG,FALSE,FALSE
IMG_0363.JPG,FALSE,FALSE
IMG_0565.JPG,FALSE,FALSE
IMG_0571.JPG,FALSE,FALSE
IMG_0001.JPG,FALSE,FALSE
IMG_0015.JPG,FALSE,FALSE
IMG_0003.JPG,FALSE,FALSE
IMG_0567.JPG,FALSE,FALSE
IMG_0215.JPG,FALSE,FALSE
IMG_0229.JPG,FALSE,FALSE
IMG_0375.JPG,FALSE,FALSE
IMG_0407.JPG,FALSE,FALSE
IMG_0361.JPG,FALSE,FALSE
IMG_0611.JPG,FALSE,FALSE
IMG_0605.JPG,FALSE,FALSE
IMG_0610.JPG,FALSE,FALSE
IMG_0406.JPG,FALSE,FALSE
IMG_0374.JPG,FALSE,FALSE
IMG_0214.JPG,FALSE,FALSE
IMG_0566.JPG,FALSE,FALSE
IMG_0002.JPG,FALSE,FALSE
IMG_0006.JPG,FALSE,FALSE
IMG_0589.JPG,FALSE,FALSE
IMG_0562.JPG,FALSE,FALSE
IMG_0402.JPG,FALSE,FALSE
IMG_0199.JPG,FALSE,FALSE
IMG_0614.JPG,FALSE,FALSE
IMG_0601.JPG,FALSE,FALSE
IMG_0167.JPG,FALSE,FALSE
IMG_0615.JPG,FALSE,FALSE
IMG_0198.JPG,FALSE,FALSE
IMG_0403.JPG,FALSE,FALSE
IMG_0563.JPG,FALSE,FALSE
IMG_0013.JPG,FALSE,FALSE
IMG_0007.JPG,FALSE,FALSE
IMG_0005.JPG,FALSE,FALSE
IMG_0213.JPG,FALSE,FALSE
IMG_0207.JPG,FALSE,FALSE
IMG_0561.JPG,FALSE,FALSE
IMG_0398.JPG,FALSE,FALSE
IMG_0429.JPG,FALSE,FALSE
IMG_0401.JPG,FALSE,FALSE
IMG_0159.JPG,FALSE,FALSE
IMG_0603.JPG,FALSE,FALSE
IMG_0171.JPG,FALSE,FALSE
IMG_0170.JPG,FALSE,FALSE
IMG_0602.JPG,FALSE,FALSE
IMG_0158.JPG,FALSE,FALSE
IMG_0399.JPG,FALSE,FALSE
IMG_0206.JPG,FALSE,FALSE
IMG_0063.JPG,FALSE,FALSE
IMG_0513.JPG,FALSE,FALSE
IMG_0261.JPG,FALSE,FALSE
IMG_0301.JPG,FALSE,FALSE
IMG_0315.JPG,FALSE,FALSE
IMG_0314.JPG,FALSE,FALSE
IMG_0062.JPG,FALSE,FALSE
IMG_0074.JPG,FALSE,FALSE
IMG_0289.JPG,FALSE,FALSE
IMG_0262.JPG,FALSE,FALSE
IMG_0538.JPG,FALSE,FALSE
IMG_0470.JPG,FALSE,FALSE
IMG_0302.JPG,FALSE,FALSE
IMG_0458.JPG,FALSE,FALSE
IMG_0459.JPG,FALSE,FALSE
IMG_0303.JPG,FALSE,FALSE
IMG_0471.JPG,FALSE,FALSE
IMG_0539.JPG,FALSE,FALSE
IMG_0263.JPG,FALSE,FALSE
IMG_0049.JPG,FALSE,FALSE
IMG_0075.JPG,FALSE,FALSE
IMG_0298.JPG,FALSE,FALSE
IMG_0267.JPG,FALSE,FALSE
IMG_0515.JPG,FALSE,FALSE
IMG_0313.JPG,FALSE,FALSE
IMG_0307.JPG,FALSE,FALSE
IMG_0139.JPG,FALSE,FALSE
IMG_0138.JPG,FALSE,FALSE
IMG_0306.JPG,FALSE,FALSE
IMG_0514.JPG,FALSE,FALSE
IMG_0299.JPG,FALSE,FALSE
IMG_0058.JPG,FALSE,FALSE
IMG_0258.JPG,FALSE,FALSE
IMG_0270.JPG,FALSE,FALSE
IMG_0310.JPG,FALSE,FALSE
IMG_0477.JPG,FALSE,FALSE
IMG_0311.JPG,FALSE,FALSE
IMG_0305.JPG,FALSE,FALSE
IMG_0271.JPG,FALSE,FALSE
IMG_0259.JPG,FALSE,FALSE
IMG_0073.JPG,FALSE,FALSE
IMG_0297.JPG,FALSE,FALSE
IMG_0485.JPG,FALSE,FALSE
IMG_0334.JPG,FALSE,FALSE
IMG_0137.JPG,FALSE,FALSE
IMG_0309.JPG,FALSE,FALSE
IMG_0335.JPG,FALSE,FALSE
IMG_0321.JPG,FALSE,FALSE
IMG_0057.JPG,FALSE,FALSE
IMG_0243.JPG,FALSE,FALSE
IMG_0257.JPG,FALSE,FALSE
IMG_0519.JPG,FALSE,FALSE
IMG_0486.JPG,FALSE,FALSE
IMG_0337.JPG,FALSE,FALSE
IMG_0323.JPG,FALSE,FALSE
IMG_0479.JPG,FALSE,FALSE
IMG_0135.JPG,FALSE,FALSE
IMG_0134.JPG,FALSE,FALSE
IMG_0478.JPG,FALSE,FALSE
IMG_0322.JPG,FALSE,FALSE
IMG_0487.JPG,FALSE,FALSE
IMG_0050.JPG,FALSE,FALSE
IMG_0285.JPG,FALSE,FALSE
IMG_0291.JPG,FALSE,FALSE
IMG_0246.JPG,FALSE,FALSE
IMG_0483.JPG,FALSE,FALSE
IMG_0454.JPG,FALSE,FALSE
IMG_0326.JPG,FALSE,FALSE
IMG_0441.JPG,FALSE,FALSE
IMG_0327.JPG,FALSE,FALSE
IMG_0333.JPG,FALSE,FALSE
IMG_0455.JPG,FALSE,FALSE
IMG_0469.JPG,FALSE,FALSE
IMG_0482.JPG,FALSE,FALSE
IMG_0535.JPG,FALSE,FALSE
IMG_0253.JPG,FALSE,FALSE
IMG_0247.JPG,FALSE,FALSE
IMG_0521.JPG,FALSE,FALSE
IMG_0509.JPG,FALSE,FALSE
IMG_0290.JPG,FALSE,FALSE
IMG_0051.JPG,FALSE,FALSE
IMG_0045.JPG,FALSE,FALSE
IMG_0047.JPG,FALSE,FALSE
IMG_0279.JPG,FALSE,FALSE
IMG_0251.JPG,FALSE,FALSE
IMG_0537.JPG,FALSE,FALSE
IMG_0523.JPG,FALSE,FALSE
IMG_0325.JPG,FALSE,FALSE
IMG_0443.JPG,FALSE,FALSE
IMG_0457.JPG,FALSE,FALSE
IMG_0331.JPG,FALSE,FALSE
IMG_0133.JPG,FALSE,FALSE
IMG_0330.JPG,FALSE,FALSE
IMG_0442.JPG,FALSE,FALSE
IMG_0481.JPG,FALSE,FALSE
IMG_0522.JPG,FALSE,FALSE
IMG_0250.JPG,FALSE,FALSE
IMG_0278.JPG,FALSE,FALSE
IMG_0046.JPG,FALSE,FALSE
IMG_0586.JPG,FALSE,FALSE
IMG_0223.JPG,FALSE,FALSE
IMG_0579.JPG,FALSE,FALSE
IMG_0394.JPG,FALSE,FALSE
IMG_0425.JPG,FALSE,FALSE
IMG_0431.JPG,FALSE,FALSE
IMG_0182.JPG,FALSE,FALSE
IMG_0141.JPG,FALSE,FALSE
IMG_0155.JPG,FALSE,FALSE
IMG_0169.JPG,FALSE,FALSE
IMG_0154.JPG,FALSE,FALSE
IMG_0183.JPG,FALSE,FALSE
IMG_0430.JPG,FALSE,FALSE
IMG_0395.JPG,FALSE,FALSE
IMG_0578.JPG,FALSE,FALSE
IMG_0587.JPG,FALSE,FALSE
IMG_0593.JPG,FALSE,FALSE
IMG_0591.JPG,FALSE,FALSE
IMG_0397.JPG,FALSE,FALSE
IMG_0354.JPG,FALSE,FALSE
IMG_0426.JPG,FALSE,FALSE
IMG_0195.JPG,FALSE,FALSE
IMG_0181.JPG,FALSE,FALSE
IMG_0142.JPG,FALSE,FALSE
IMG_0143.JPG,FALSE,FALSE
IMG_0157.JPG,FALSE,FALSE
IMG_0369.JPG,FALSE,FALSE
IMG_0427.JPG,FALSE,FALSE
IMG_0355.JPG,FALSE,FALSE
IMG_0235.JPG,FALSE,FALSE
IMG_0547.JPG,FALSE,FALSE
IMG_0590.JPG,FALSE,FALSE
IMG_0594.JPG,FALSE,FALSE
IMG_0219.JPG,FALSE,FALSE
IMG_0543.JPG,FALSE,FALSE
IMG_0231.JPG,FALSE,FALSE
IMG_0153.JPG,FALSE,FALSE
IMG_0147.JPG,FALSE,FALSE
IMG_0146.JPG,FALSE,FALSE
IMG_0191.JPG,FALSE,FALSE
IMG_0230.JPG,FALSE,FALSE
IMG_0542.JPG,FALSE,FALSE
IMG_0218.JPG,FALSE,FALSE
IMG_0595.JPG,FALSE,FALSE
IMG_0581.JPG,FALSE,FALSE
IMG_0583.JPG,FALSE,FALSE
IMG_0385.JPG,FALSE,FALSE
IMG_0187.JPG,FALSE,FALSE
IMG_0179.JPG,FALSE,FALSE
IMG_0186.JPG,FALSE,FALSE
IMG_0353.JPG,FALSE,FALSE
IMG_0347.JPG,FALSE,FALSE
IMG_0541.JPG,FALSE,FALSE
IMG_0569.JPG,FALSE,FALSE
IMG_0582.JPG,FALSE,FALSE
IMG_0365.JPG,FALSE,FALSE
IMG_0417.JPG,FALSE,FALSE
IMG_0418.JPG,FALSE,FALSE
IMG_0381.JPG,FALSE,FALSE
IMG_0383.JPG,FALSE,FALSE
IMG_0382.JPG,FALSE,FALSE
IMG_0386.JPG,FALSE,FALSE
IMG_0387.JPG,FALSE,FALSE
IMG_0613.JPG,FALSE,FALSE
IMG_0161.JPG,FALSE,FALSE
IMG_0163.JPG,FALSE,FALSE
IMG_0162.JPG,FALSE,FALSE
IMG_0254.JPG,FALSE,FALSE
IMG_0255.JPG,FALSE,FALSE
IMG_0621.JPG,TRUE,FALSE
IMG_0622.JPG,TRUE,TRUE
IMG_0623.JPG,TRUE,TRUE
IMG_0358.JPG,FALSE,FALSE
IMG_0359.JPG,FALSE,FALSE
IMG_0275.JPG,FALSE,FALSE
IMG_0274.JPG,FALSE,FALSE
IMG_0273.JPG,FALSE,FALSE
IMG_0357.JPG,FALSE,FALSE
IMG_0317.JPG,FALSE,FALSE
IMG_0319.JPG,FALSE,FALSE
IMG_0318.JPG,FALSE,FALSE
IMG_0609.JPG,FALSE,FALSE
IMG_0617.JPG,FALSE,FALSE
IMG_0467.JPG,FALSE,FALSE
IMG_0473.JPG,FALSE,FALSE
IMG_0466.JPG,FALSE,FALSE
IMG_0465.JPG,FALSE,FALSE
IMG_0475.JPG,FALSE,FALSE
IMG_0461.JPG,FALSE,FALSE
IMG_0474.JPG,FALSE,FALSE
IMG_0462.JPG,FALSE,FALSE
IMG_0463.JPG,FALSE,FALSE
IMG_0517.JPG,FALSE,FALSE
IMG_0533.JPG,FALSE,FALSE
IMG_0518.JPG,FALSE,FALSE
IMG_0534.JPG,FALSE,FALSE
IMG_0618.JPG,FALSE,FALSE
IMG_0619.JPG,FALSE,FALSE
IMG_0577.JPG,FALSE,FALSE
IMG_0373.JPG,FALSE,FALSE
IMG_0329.JPG,FALSE,FALSE
IMG_0277.JPG,FALSE,FALSE
IMG_0269.JPG,FALSE,FALSE
IMG_0145.JPG,FALSE,FALSE
IMG_0370.JPG,TRUE,TRUE
IMG_0202.JPG,FALSE,FALSE
IMG_0558.JPG,FALSE,FALSE
IMG_0389.JPG,FALSE,FALSE
IMG_0174.JPG,FALSE,FALSE
IMG_0149.JPG,FALSE,FALSE
IMG_0405.JPG,FALSE,FALSE
IMG_0559.JPG,FALSE,FALSE
IMG_0203.JPG,FALSE,FALSE
IMG_0217.JPG,FALSE,FALSE
IMG_0598.JPG,FALSE,FALSE
IMG_0201.JPG,FALSE,FALSE
IMG_0573.JPG,FALSE,FALSE
IMG_0177.JPG,FALSE,FALSE
IMG_0189.JPG,FALSE,FALSE
IMG_0599.JPG,FALSE,FALSE
IMG_0238.JPG,FALSE,FALSE
IMG_0210.JPG,FALSE,FALSE
IMG_0166.JPG,FALSE,FALSE
IMG_0173.JPG,FALSE,FALSE
IMG_0211.JPG,FALSE,FALSE
IMG_0205.JPG,FALSE,FALSE
IMG_0239.JPG,FALSE,FALSE
IMG_0549.JPG,FALSE,FALSE
IMG_0575.JPG,FALSE,FALSE
IMG_0165.JPG,FALSE,FALSE
IMG_0574.JPG,FALSE,FALSE
IMG_0249.JPG,FALSE,FALSE
IMG_0501.JPG,FALSE,FALSE
IMG_0266.JPG,FALSE,FALSE
IMG_0502.JPG,FALSE,FALSE
IMG_0489.JPG,FALSE,FALSE
IMG_0503.JPG,FALSE,FALSE
IMG_0265.JPG,FALSE,FALSE
IMG_0283.JPG,FALSE,FALSE
IMG_0526.JPG,FALSE,FALSE
IMG_0491.JPG,FALSE,FALSE
IMG_0490.JPG,FALSE,FALSE
IMG_0241.JPG,FALSE,FALSE
IMG_0527.JPG,FALSE,FALSE
IMG_0282.JPG,FALSE,FALSE
IMG_0525.JPG,FALSE,FALSE
IMG_0493.JPG,FALSE,FALSE
IMG_0242.JPG,FALSE,FALSE
IMG_0281.JPG,FALSE,FALSE
IMG_0245.JPG,FALSE,FALSE
IMG_0494.JPG,FALSE,FALSE
IMG_0495.JPG,FALSE,FALSE
IMG_0237.JPG,FALSE,FALSE
IMG_0551.JPG,FALSE,FALSE
IMG_0545.JPG,FALSE,FALSE
IMG_0197.JPG,FALSE,FALSE
IMG_0222.JPG,FALSE,FALSE
IMG_0550.JPG,FALSE,FALSE
IMG_0585.JPG,FALSE,FALSE
IMG_0546.JPG,FALSE,FALSE
IMG_0234.JPG,FALSE,FALSE
IMG_0194.JPG,FALSE,FALSE
IMG_0209.JPG,FALSE,FALSE
IMG_0553.JPG,FALSE,FALSE
IMG_0221.JPG,FALSE,FALSE
IMG_0557.JPG,FALSE,FALSE
IMG_0190.JPG,FALSE,FALSE
IMG_0185.JPG,FALSE,FALSE
IMG_0393.JPG,FALSE,FALSE
IMG_0597.JPG,FALSE,FALSE
IMG_0554.JPG,FALSE,FALSE
IMG_0391.JPG,FALSE,FALSE
IMG_0193.JPG,FALSE,FALSE
IMG_0178.JPG,FALSE,FALSE
IMG_0150.JPG,FALSE,FALSE
IMG_0151.JPG,FALSE,FALSE
IMG_0409.JPG,FALSE,FALSE
IMG_0390.JPG,FALSE,FALSE
IMG_0555.JPG,FALSE,FALSE
IMG_0233.JPG,FALSE,FALSE
DSCF0137.JPG,FALSE,Not found
DSCF0139.JPG,FALSE,Not found
DSCF0138.JPG,FALSE,Not found
DSCF0147.JPG,FALSE,Not found
DSCF0153.JPG,FALSE,Not found
DSCF0191.JPG,FALSE,Not found
DSCF0146.JPG,FALSE,Not found
DSCF0155.JPG,FALSE,Not found
DSCF0154.JPG,FALSE,Not found
DSCF0130.JPG,FALSE,Not found
DSCF0078.JPG,FALSE,Not found
DSCF0045.JPG,FALSE,Not found
DSCF0079.JPG,FALSE,Not found
DSCF0131.JPG,FALSE,Not found
DSCF0053.JPG,FALSE,Not found
DSCF0090.JPG,FALSE,Not found
DSCF0091.JPG,FALSE,Not found
DSCF0046.JPG,FALSE,Not found
DSCF0042.JPG,FALSE,Not found
DSCF0043.JPG,FALSE,Not found
DSCF0055.JPG,FALSE,Not found
DSCF0041.JPG,FALSE,Not found
DSCF0097.JPG,FALSE,Not found
DSCF0054.JPG,FALSE,Not found
DSCF0071.JPG,FALSE,Not found
DSCF0065.JPG,FALSE,Not found
DSCF0070.JPG,FALSE,Not found
DSCF0066.JPG,FALSE,Not found
DSCF0099.JPG,FALSE,Not found
DSCF0098.JPG,FALSE,Not found
DSCF0067.JPG,FALSE,Not found
DSCF0077.JPG,FALSE,Not found
DSCF0089.JPG,FALSE,Not found
DSCF0129.JPG,FALSE,Not found
DSCF0166.JPG,FALSE,Not found
DSCF0006.JPG,FALSE,Not found
DSCF0007.JPG,FALSE,Not found
DSCF0167.JPG,FALSE,Not found
DSCF0005.JPG,FALSE,Not found
DSCF0011.JPG,FALSE,Not found
DSCF0010.JPG,FALSE,Not found
DSCF0001.JPG,FALSE,Not found
DSCF0003.JPG,FALSE,Not found
DSCF0002.JPG,FALSE,Not found
DSCF0061.JPG,FALSE,Not found
DSCF0105.JPG,FALSE,Not found
DSCF0106.JPG,FALSE,Not found
DSCF0107.JPG,FALSE,Not found
DSCF0122.JPG,FALSE,Not found
DSCF0123.JPG,FALSE,Not found
DSCF0121.JPG,FALSE,Not found
DSCF0190.JPG,TRUE,Not found
DSCF0033.JPG,TRUE,Not found
DSCF0009.JPG,TRUE,Not found
DSCF0034.JPG,TRUE,Not found
DSCF0113.JPG,TRUE,Not found
DSCF0114.JPG,TRUE,Not found
DSCF0115.JPG,TRUE,Not found
DSCF0189.JPG,TRUE,Not found
DSCF0150.JPG,FALSE,Not found
DSCF0151.JPG,FALSE,Not found
DSCF0149.JPG,FALSE,Not found
DSCF0103.JPG,FALSE,Not found
DSCF0102.JPG,FALSE,Not found
DSCF0101.JPG,FALSE,Not found
DSCF0047.JPG,FALSE,Not found
DSCF0035.JPG,TRUE,Not found
DSCF0185.JPG,FALSE,Not found
DSCF0178.JPG,FALSE,Not found
DSCF0187.JPG,FALSE,Not found
DSCF0186.JPG,FALSE,Not found
DSCF0145.JPG,FALSE,Not found
DSCF0179.JPG,FALSE,Not found
DSCF0141.JPG,FALSE,Not found
DSCF0169.JPG,FALSE,Not found
DSCF0182.JPG,FALSE,Not found
DSCF0183.JPG,FALSE,Not found
DSCF0142.JPG,FALSE,Not found
DSCF0181.JPG,FALSE,Not found
DSCF0143.JPG,FALSE,Not found
DSCF0125.JPG,FALSE,Not found
DSCF0127.JPG,FALSE,Not found
DSCF0126.JPG,FALSE,Not found
DSCF0109.JPG,FALSE,Not found
DSCF0111.JPG,FALSE,Not found
DSCF0110.JPG,FALSE,Not found
DSCF0173.JPG,FALSE,Not found
DSCF0171.JPG,FALSE,Not found
DSCF0165.JPG,FALSE,Not found
DSCF0170.JPG,FALSE,Not found
DSCF0174.JPG,FALSE,Not found
DSCF0175.JPG,FALSE,Not found
DSCF0177.JPG,FALSE,Not found
DSCF0133.JPG,FALSE,Not found
DSCF0135.JPG,FALSE,Not found
DSCF0134.JPG,FALSE,Not found
DSCF0118.JPG,FALSE,Not found
DSCF0119.JPG,FALSE,Not found
DSCF0117.JPG,FALSE,Not found
DSCF0025.JPG,FALSE,Not found
DSCF0019.JPG,FALSE,FALSE
DSCF0020.JPG,FALSE,FALSE
DSCF0006.JPG,FALSE,FALSE
DSCF0007.JPG,FALSE,FALSE
DSCF0027.JPG,TRUE,Not found
DSCF0026.JPG,TRUE,Not found
DSCF0001.JPG,TRUE,FALSE
DSCF0002.JPG,TRUE,Not found
DSCF0107.JPG,FALSE,Not found
DSCF0113.JPG,FALSE,Not found
DSCF0114.JPG,FALSE,Not found
DSCF0115.JPG,FALSE,Not found
DSCF0109.JPG,FALSE,Not found
DSCF0111.JPG,FALSE,Not found
DSCF0110.JPG,FALSE,Not found
DSCF0103.JPG,FALSE,Not found
DSCF0102.JPG,FALSE,Not found
DSCF0101.JPG,FALSE,Not found
DSCF0006.JPG,TRUE,Not found
DSCF0007.JPG,TRUE,Not found
DSCF0005.JPG,TRUE,Not found
DSCF0001.JPG,TRUE,Not found
DSCF0003.JPG,TRUE,Not found
DSCF0002.JPG,TRUE,Not found
DSCF0118.JPG,FALSE,Not found
DSCF0119.JPG,FALSE,Not found
DSCF0117.JPG,FALSE,Not found
DSCF0097.JPG,TRUE,Not found
DSCF0099.JPG,TRUE,Not found
DSCF0098.JPG,TRUE,Not found
DSCF0009.JPG,TRUE,TRUE
DSCF0006.JPG,TRUE,Not found
DSCF0007.JPG,TRUE,Not found
DSCF0005.JPG,TRUE,Not found
DSCF0011.JPG,TRUE,TRUE
DSCF0010.JPG,TRUE,Not found
DSCF0001.JPG,TRUE,Not found
DSCF0003.JPG,TRUE,Not found
DSCF0002.JPG,TRUE,Not found
DSCF0379.JPG,FALSE,Not found
DSCF0423.JPG,FALSE,Not found
DSCF0345.JPG,FALSE,Not found
DSCF0351.JPG,FALSE,Not found
DSCF0386.JPG,FALSE,Not found
DSCF0392.JPG,FALSE,Not found
DSCF0147.JPG,FALSE,Not found
DSCF0153.JPG,FALSE,Not found
DSCF0184.JPG,FALSE,Not found
DSCF0190.JPG,FALSE,Not found
DSCF0033.JPG,FALSE,Not found
DSCF0027.JPG,FALSE,Not found
DSCF0219.JPG,FALSE,Not found
DSCF0231.JPG,FALSE,Not found
DSCF0225.JPG,FALSE,Not found
DSCF0224.JPG,FALSE,Not found
DSCF0230.JPG,FALSE,Not found
DSCF0218.JPG,FALSE,Not found
DSCF0026.JPG,FALSE,Not found
DSCF0032.JPG,FALSE,Not found
DSCF0191.JPG,FALSE,Not found
DSCF0185.JPG,FALSE,Not found
DSCF0152.JPG,FALSE,Not found
DSCF0146.JPG,FALSE,Not found
DSCF0393.JPG,FALSE,Not found
DSCF0387.JPG,FALSE,Not found
DSCF0350.JPG,FALSE,Not found
DSCF0436.JPG,FALSE,Not found
DSCF0422.JPG,FALSE,Not found
DSCF0344.JPG,FALSE,Not found
DSCF0378.JPG,FALSE,Not found
DSCF0408.JPG,FALSE,Not found
DSCF0434.JPG,FALSE,Not found
DSCF0352.JPG,FALSE,Not found
DSCF0346.JPG,FALSE,Not found
DSCF0420.JPG,FALSE,Not found
DSCF0391.JPG,FALSE,Not found
DSCF0385.JPG,FALSE,Not found
DSCF0178.JPG,FALSE,Not found
DSCF0150.JPG,FALSE,Not found
DSCF0144.JPG,FALSE,Not found
DSCF0193.JPG,FALSE,Not found
DSCF0187.JPG,FALSE,Not found
DSCF0018.JPG,FALSE,Not found
DSCF0024.JPG,FALSE,Not found
DSCF0030.JPG,FALSE,Not found
DSCF0226.JPG,FALSE,Not found
DSCF0232.JPG,FALSE,Not found
DSCF0233.JPG,FALSE,Not found
DSCF0227.JPG,FALSE,Not found
DSCF0031.JPG,FALSE,Not found
DSCF0025.JPG,FALSE,Not found
DSCF0019.JPG,FALSE,Not found
DSCF0186.JPG,FALSE,Not found
DSCF0192.JPG,FALSE,Not found
DSCF0145.JPG,FALSE,Not found
DSCF0151.JPG,FALSE,Not found
DSCF0179.JPG,FALSE,Not found
DSCF0384.JPG,FALSE,Not found
DSCF0390.JPG,FALSE,Not found
DSCF0347.JPG,FALSE,Not found
DSCF0421.JPG,FALSE,Not found
DSCF0435.JPG,FALSE,Not found
DSCF0353.JPG,FALSE,Not found
DSCF0409.JPG,FALSE,Not found
DSCF0357.JPG,FALSE,Not found
DSCF0431.JPG,FALSE,Not found
DSCF0425.JPG,FALSE,Not found
DSCF0343.JPG,FALSE,Not found
DSCF0419.JPG,FALSE,Not found
DSCF0394.JPG,FALSE,Not found
DSCF0380.JPG,FALSE,Not found
DSCF0155.JPG,FALSE,Not found
DSCF0141.JPG,FALSE,Not found
DSCF0169.JPG,FALSE,Not found
DSCF0196.JPG,FALSE,Not found
DSCF0182.JPG,FALSE,Not found
DSCF0021.JPG,FALSE,FALSE
DSCF0035.JPG,FALSE,Not found
DSCF0009.JPG,FALSE,Not found
DSCF0223.JPG,FALSE,Not found
DSCF0237.JPG,FALSE,Not found
DSCF0236.JPG,FALSE,Not found
DSCF0222.JPG,FALSE,Not found
DSCF0008.JPG,FALSE,Not found
DSCF0034.JPG,FALSE,Not found
DSCF0020.JPG,FALSE,Not found
DSCF0183.JPG,FALSE,Not found
DSCF0197.JPG,FALSE,Not found
DSCF0168.JPG,FALSE,Not found
DSCF0140.JPG,FALSE,Not found
DSCF0154.JPG,FALSE,Not found
DSCF0381.JPG,FALSE,Not found
DSCF0395.JPG,FALSE,Not found
DSCF0418.JPG,FALSE,Not found
DSCF0424.JPG,FALSE,Not found
DSCF0342.JPG,FALSE,Not found
DSCF0356.JPG,FALSE,Not found
DSCF0430.JPG,FALSE,Not found
DSCF0340.JPG,FALSE,Not found
DSCF0426.JPG,FALSE,Not found
DSCF0432.JPG,FALSE,Not found
DSCF0354.JPG,FALSE,FALSE
DSCF0368.JPG,FALSE,Not found
DSCF0383.JPG,FALSE,Not found
DSCF0397.JPG,FALSE,Not found
DSCF0142.JPG,FALSE,Not found
DSCF0156.JPG,FALSE,Not found
DSCF0181.JPG,FALSE,Not found
DSCF0195.JPG,FALSE,Not found
DSCF0036.JPG,FALSE,Not found
DSCF0022.JPG,FALSE,Not found
DSCF0234.JPG,FALSE,Not found
DSCF0220.JPG,FALSE,Not found
DSCF0208.JPG,FALSE,Not found
DSCF0209.JPG,FALSE,Not found
DSCF0221.JPG,FALSE,Not found
DSCF0235.JPG,FALSE,Not found
DSCF0023.JPG,FALSE,Not found
DSCF0037.JPG,FALSE,Not found
DSCF0194.JPG,FALSE,Not found
DSCF0180.JPG,FALSE,Not found
DSCF0157.JPG,FALSE,Not found
DSCF0143.JPG,FALSE,Not found
DSCF0396.JPG,FALSE,Not found
DSCF0382.JPG,FALSE,Not found
DSCF0369.JPG,FALSE,Not found
DSCF0433.JPG,FALSE,Not found
DSCF0355.JPG,FALSE,Not found
DSCF0341.JPG,FALSE,Not found
DSCF0427.JPG,FALSE,Not found
DSCF0326.JPG,FALSE,Not found
DSCF0332.JPG,FALSE,Not found
DSCF0118.JPG,FALSE,Not found
DSCF0124.JPG,FALSE,Not found
DSCF0130.JPG,FALSE,Not found
DSCF0078.JPG,FALSE,Not found
DSCF0050.JPG,FALSE,Not found
DSCF0044.JPG,FALSE,Not found
DSCF0093.JPG,FALSE,Not found
DSCF0087.JPG,FALSE,Not found
DSCF0252.JPG,FALSE,Not found
DSCF0246.JPG,FALSE,Not found
DSCF0291.JPG,FALSE,Not found
DSCF0285.JPG,FALSE,Not found
DSCF0284.JPG,FALSE,Not found
DSCF0290.JPG,FALSE,Not found
DSCF0247.JPG,FALSE,Not found
DSCF0253.JPG,FALSE,Not found
DSCF0086.JPG,FALSE,Not found
DSCF0092.JPG,FALSE,Not found
DSCF0045.JPG,FALSE,Not found
DSCF0051.JPG,FALSE,Not found
DSCF0079.JPG,FALSE,Not found
DSCF0131.JPG,FALSE,Not found
DSCF0125.JPG,FALSE,Not found
DSCF0119.JPG,FALSE,Not found
DSCF0333.JPG,FALSE,Not found
DSCF0327.JPG,FALSE,Not found
DSCF0319.JPG,FALSE,Not found
DSCF0331.JPG,FALSE,Not found
DSCF0325.JPG,FALSE,Not found
DSCF0133.JPG,FALSE,Not found
DSCF0127.JPG,FALSE,Not found
DSCF0047.JPG,FALSE,Not found
DSCF0053.JPG,FALSE,Not found
DSCF0084.JPG,FALSE,Not found
DSCF0090.JPG,FALSE,Not found
DSCF0279.JPG,FALSE,Not found
DSCF0245.JPG,FALSE,Not found
DSCF0251.JPG,FALSE,Not found
DSCF0286.JPG,FALSE,Not found
DSCF0292.JPG,FALSE,Not found
DSCF0293.JPG,FALSE,Not found
DSCF0287.JPG,FALSE,Not found
DSCF0250.JPG,FALSE,Not found
DSCF0244.JPG,FALSE,Not found
DSCF0278.JPG,FALSE,Not found
DSCF0091.JPG,FALSE,Not found
DSCF0085.JPG,FALSE,Not found
DSCF0052.JPG,FALSE,Not found
DSCF0046.JPG,FALSE,Not found
DSCF0126.JPG,FALSE,Not found
DSCF0132.JPG,FALSE,Not found
DSCF0324.JPG,FALSE,Not found
DSCF0330.JPG,FALSE,Not found
DSCF0318.JPG,FALSE,Not found
DSCF0334.JPG,FALSE,Not found
DSCF0320.JPG,FALSE,Not found
DSCF0308.JPG,FALSE,Not found
DSCF0136.JPG,FALSE,FALSE
DSCF0122.JPG,FALSE,Not found
DSCF0042.JPG,FALSE,Not found
DSCF0056.JPG,FALSE,Not found
DSCF0081.JPG,FALSE,Not found
DSCF0095.JPG,FALSE,Not found
DSCF0240.JPG,FALSE,Not found
DSCF0254.JPG,FALSE,Not found
DSCF0268.JPG,FALSE,Not found
DSCF0283.JPG,FALSE,Not found
DSCF0297.JPG,FALSE,Not found
DSCF0296.JPG,FALSE,Not found
DSCF0282.JPG,FALSE,Not found
DSCF0269.JPG,FALSE,Not found
DSCF0255.JPG,FALSE,Not found
DSCF0241.JPG,FALSE,Not found
DSCF0094.JPG,FALSE,Not found
DSCF0080.JPG,FALSE,Not found
DSCF0057.JPG,FALSE,Not found
DSCF0043.JPG,FALSE,Not found
DSCF0123.JPG,FALSE,Not found
DSCF0137.JPG,FALSE,FALSE
DSCF0309.JPG,FALSE,Not found
DSCF0321.JPG,FALSE,Not found
DSCF0335.JPG,FALSE,Not found
DSCF0323.JPG,FALSE,Not found
DSCF0337.JPG,FALSE,Not found
DSCF0121.JPG,FALSE,Not found
DSCF0135.JPG,FALSE,Not found
DSCF0109.JPG,FALSE,Not found
DSCF0041.JPG,FALSE,Not found
DSCF0069.JPG,FALSE,Not found
DSCF0096.JPG,FALSE,Not found
DSCF0082.JPG,FALSE,Not found
DSCF0257.JPG,FALSE,Not found
DSCF0243.JPG,FALSE,Not found
DSCF0294.JPG,FALSE,Not found
DSCF0280.JPG,FALSE,Not found
DSCF0281.JPG,FALSE,Not found
DSCF0295.JPG,FALSE,Not found
DSCF0242.JPG,FALSE,Not found
DSCF0256.JPG,FALSE,Not found
DSCF0083.JPG,FALSE,Not found
DSCF0097.JPG,FALSE,Not found
DSCF0068.JPG,FALSE,Not found
DSCF0040.JPG,FALSE,Not found
DSCF0054.JPG,FALSE,Not found
DSCF0108.JPG,FALSE,Not found
DSCF0134.JPG,FALSE,Not found
DSCF0120.JPG,FALSE,Not found
DSCF0336.JPG,FALSE,Not found
DSCF0322.JPG,FALSE,Not found
DSCF0307.JPG,FALSE,Not found
DSCF0313.JPG,FALSE,Not found
DSCF0139.JPG,FALSE,Not found
DSCF0105.JPG,FALSE,Not found
DSCF0111.JPG,FALSE,Not found
DSCF0059.JPG,FALSE,Not found
DSCF0071.JPG,FALSE,Not found
DSCF0065.JPG,FALSE,Not found
DSCF0273.JPG,FALSE,Not found
DSCF0267.JPG,FALSE,Not found
DSCF0298.JPG,FALSE,Not found
DSCF0299.JPG,FALSE,Not found
DSCF0266.JPG,FALSE,Not found
DSCF0272.JPG,FALSE,Not found
DSCF0064.JPG,FALSE,Not found
DSCF0070.JPG,FALSE,Not found
DSCF0058.JPG,FALSE,Not found
DSCF0110.JPG,FALSE,Not found
DSCF0104.JPG,FALSE,Not found
DSCF0138.JPG,FALSE,FALSE
DSCF0312.JPG,FALSE,Not found
DSCF0306.JPG,FALSE,Not found
DSCF0338.JPG,FALSE,Not found
DSCF0310.JPG,FALSE,Not found
DSCF0304.JPG,FALSE,Not found
DSCF0112.JPG,FALSE,Not found
DSCF0066.JPG,FALSE,Not found
DSCF0072.JPG,FALSE,Not found
DSCF0099.JPG,FALSE,Not found
DSCF0258.JPG,FALSE,Not found
DSCF0264.JPG,FALSE,Not found
DSCF0270.JPG,FALSE,Not found
DSCF0271.JPG,FALSE,Not found
DSCF0265.JPG,FALSE,Not found
DSCF0259.JPG,FALSE,Not found
DSCF0098.JPG,FALSE,Not found
DSCF0073.JPG,FALSE,Not found
DSCF0067.JPG,FALSE,Not found
DSCF0107.JPG,FALSE,Not found
DSCF0113.JPG,FALSE,Not found
DSCF0305.JPG,FALSE,Not found
DSCF0311.JPG,FALSE,Not found
DSCF0339.JPG,FALSE,Not found
DSCF0315.JPG,FALSE,Not found
DSCF0301.JPG,FALSE,Not found
DSCF0329.JPG,FALSE,Not found
DSCF0117.JPG,FALSE,Not found
DSCF0103.JPG,FALSE,Not found
DSCF0063.JPG,FALSE,Not found
DSCF0077.JPG,FALSE,Not found
DSCF0088.JPG,FALSE,Not found
DSCF0261.JPG,FALSE,Not found
DSCF0275.JPG,FALSE,Not found
DSCF0249.JPG,FALSE,Not found
DSCF0248.JPG,FALSE,Not found
DSCF0274.JPG,FALSE,Not found
DSCF0260.JPG,FALSE,Not found
DSCF0089.JPG,FALSE,Not found
DSCF0076.JPG,FALSE,Not found
DSCF0062.JPG,FALSE,Not found
DSCF0102.JPG,FALSE,Not found
DSCF0116.JPG,FALSE,Not found
DSCF0328.JPG,FALSE,Not found
DSCF0300.JPG,FALSE,Not found
DSCF0314.JPG,FALSE,Not found
DSCF0302.JPG,FALSE,Not found
DSCF0316.JPG,FALSE,Not found
DSCF0100.JPG,FALSE,Not found
DSCF0114.JPG,FALSE,Not found
DSCF0128.JPG,FALSE,Not found
DSCF0074.JPG,FALSE,Not found
DSCF0060.JPG,FALSE,Not found
DSCF0048.JPG,FALSE,Not found
DSCF0276.JPG,FALSE,Not found
DSCF0262.JPG,FALSE,Not found
DSCF0289.JPG,FALSE,Not found
DSCF0288.JPG,FALSE,Not found
DSCF0263.JPG,FALSE,Not found
DSCF0277.JPG,FALSE,Not found
DSCF0061.JPG,FALSE,Not found
DSCF0075.JPG,FALSE,Not found
DSCF0129.JPG,FALSE,Not found
DSCF0115.JPG,FALSE,Not found
DSCF0101.JPG,FALSE,Not found
DSCF0317.JPG,FALSE,Not found
DSCF0303.JPG,FALSE,Not found
DSCF0358.JPG,FALSE,Not found
DSCF0402.JPG,FALSE,Not found
DSCF0364.JPG,FALSE,Not found
DSCF0370.JPG,FALSE,Not found
DSCF0416.JPG,FALSE,Not found
DSCF0166.JPG,FALSE,Not found
DSCF0172.JPG,FALSE,Not found
DSCF0199.JPG,FALSE,Not found
DSCF0012.JPG,FALSE,Not found
DSCF0006.JPG,FALSE,Not found
DSCF0238.JPG,FALSE,Not found
DSCF0210.JPG,FALSE,Not found
DSCF0204.JPG,FALSE,Not found
DSCF0205.JPG,FALSE,Not found
DSCF0211.JPG,FALSE,Not found
DSCF0239.JPG,FALSE,Not found
DSCF0007.JPG,FALSE,Not found
DSCF0013.JPG,FALSE,Not found
DSCF0198.JPG,FALSE,Not found
DSCF0173.JPG,FALSE,Not found
DSCF0167.JPG,FALSE,Not found
DSCF0371.JPG,FALSE,Not found
DSCF0417.JPG,FALSE,Not found
DSCF0403.JPG,FALSE,Not found
DSCF0365.JPG,FALSE,Not found
DSCF0359.JPG,FALSE,Not found
DSCF0429.JPG,FALSE,Not found
DSCF0415.JPG,FALSE,Not found
DSCF0373.JPG,FALSE,Not found
DSCF0367.JPG,FALSE,Not found
DSCF0401.JPG,FALSE,Not found
DSCF0398.JPG,FALSE,Not found
DSCF0159.JPG,FALSE,Not found
DSCF0171.JPG,FALSE,Not found
DSCF0165.JPG,FALSE,Not found
DSCF0039.JPG,FALSE,Not found
DSCF0005.JPG,FALSE,Not found
DSCF0011.JPG,FALSE,Not found
DSCF0207.JPG,FALSE,Not found
DSCF0213.JPG,FALSE,Not found
DSCF0212.JPG,FALSE,Not found
DSCF0206.JPG,FALSE,Not found
DSCF0010.JPG,FALSE,Not found
DSCF0004.JPG,FALSE,Not found
DSCF0038.JPG,FALSE,Not found
DSCF0164.JPG,FALSE,Not found
DSCF0170.JPG,FALSE,Not found
DSCF0158.JPG,FALSE,Not found
DSCF0399.JPG,FALSE,Not found
DSCF0366.JPG,FALSE,Not found
DSCF0400.JPG,FALSE,Not found
DSCF0414.JPG,FALSE,Not found
DSCF0372.JPG,FALSE,Not found
DSCF0428.JPG,FALSE,Not found
DSCF0376.JPG,FALSE,Not found
DSCF0410.JPG,FALSE,Not found
DSCF0404.JPG,FALSE,Not found
DSCF0362.JPG,FALSE,Not found
DSCF0389.JPG,FALSE,Not found
DSCF0174.JPG,FALSE,Not found
DSCF0160.JPG,FALSE,Not found
DSCF0148.JPG,FALSE,Not found
DSCF0014.JPG,FALSE,Not found
DSCF0028.JPG,FALSE,Not found
DSCF0202.JPG,FALSE,Not found
DSCF0216.JPG,FALSE,Not found
DSCF0217.JPG,FALSE,Not found
DSCF0203.JPG,FALSE,Not found
DSCF0029.JPG,FALSE,Not found
DSCF0015.JPG,FALSE,Not found
DSCF0001.JPG,FALSE,Not found
DSCF0149.JPG,FALSE,Not found
DSCF0161.JPG,FALSE,Not found
DSCF0175.JPG,FALSE,Not found
DSCF0388.JPG,FALSE,Not found
DSCF0405.JPG,FALSE,Not found
DSCF0363.JPG,FALSE,Not found
DSCF0377.JPG,FALSE,Not found
DSCF0411.JPG,FALSE,Not found
DSCF0361.JPG,FALSE,Not found
DSCF0407.JPG,FALSE,Not found
DSCF0413.JPG,FALSE,Not found
DSCF0375.JPG,FALSE,Not found
DSCF0349.JPG,FALSE,Not found
DSCF0163.JPG,FALSE,Not found
DSCF0177.JPG,FALSE,Not found
DSCF0188.JPG,FALSE,Not found
DSCF0017.JPG,FALSE,Not found
DSCF0003.JPG,FALSE,Not found
DSCF0215.JPG,FALSE,Not found
DSCF0201.JPG,FALSE,Not found
DSCF0229.JPG,FALSE,Not found
DSCF0228.JPG,FALSE,Not found
DSCF0200.JPG,FALSE,Not found
DSCF0214.JPG,FALSE,Not found
DSCF0002.JPG,FALSE,Not found
DSCF0016.JPG,FALSE,Not found
DSCF0189.JPG,FALSE,Not found
DSCF0176.JPG,FALSE,Not found
DSCF0162.JPG,FALSE,Not found
DSCF0348.JPG,FALSE,Not found
DSCF0412.JPG,FALSE,Not found
DSCF0374.JPG,FALSE,Not found
DSCF0360.JPG,FALSE,Not found
DSCF0406.JPG,FALSE,Not found
DSCF0437.JPG,TRUE,Not found
DSCF0055.JPG,FALSE,Not found
DSCF0106.JPG,FALSE,Not found
DSCF0033.JPG,FALSE,Not found
DSCF0027.JPG,FALSE,Not found
DSCF0026.JPG,FALSE,Not found
DSCF0018.JPG,FALSE,Not found
DSCF0030.JPG,FALSE,Not found
DSCF0031.JPG,FALSE,Not found
DSCF0025.JPG,FALSE,Not found
DSCF0019.JPG,FALSE,Not found
DSCF0182.JPG,FALSE,Not found
DSCF0021.JPG,FALSE,Not found
DSCF0035.JPG,FALSE,Not found
DSCF0009.JPG,FALSE,Not found
DSCF0034.JPG,FALSE,Not found
DSCF0183.JPG,FALSE,Not found
DSCF0181.JPG,FALSE,Not found
DSCF0022.JPG,FALSE,Not found
DSCF0023.JPG,FALSE,Not found
DSCF0037.JPG,FALSE,Not found
DSCF0118.JPG,FALSE,Not found
DSCF0078.JPG,FALSE,Not found
DSCF0093.JPG,FALSE,Not found
DSCF0087.JPG,FALSE,Not found
DSCF0086.JPG,FALSE,Not found
DSCF0079.JPG,FALSE,Not found
DSCF0131.JPG,FALSE,Not found
DSCF0125.JPG,FALSE,Not found
DSCF0119.JPG,FALSE,Not found
DSCF0127.JPG,FALSE,Not found
DSCF0090.JPG,FALSE,Not found
DSCF0091.JPG,FALSE,Not found
DSCF0085.JPG,FALSE,FALSE
DSCF0126.JPG,FALSE,Not found
DSCF0081.JPG,FALSE,Not found
DSCF0095.JPG,FALSE,Not found
DSCF0094.JPG,FALSE,Not found
DSCF0109.JPG,FALSE,Not found
DSCF0069.JPG,FALSE,Not found
DSCF0082.JPG,FALSE,Not found
DSCF0083.JPG,FALSE,Not found
DSCF0097.JPG,FALSE,Not found
DSCF0105.JPG,FALSE,Not found
DSCF0111.JPG,FALSE,Not found
DSCF0071.JPG,FALSE,Not found
DSCF0070.JPG,FALSE,Not found
DSCF0110.JPG,FALSE,Not found
DSCF0106.JPG,FALSE,Not found
DSCF0099.JPG,FALSE,Not found
DSCF0098.JPG,FALSE,Not found
DSCF0073.JPG,FALSE,Not found
DSCF0107.JPG,FALSE,Not found
DSCF0113.JPG,FALSE,Not found
DSCF0117.JPG,FALSE,Not found
DSCF0103.JPG,FALSE,Not found
DSCF0063.JPG,FALSE,Not found
DSCF0077.JPG,FALSE,Not found
DSCF0089.JPG,FALSE,Not found
DSCF0062.JPG,FALSE,Not found
DSCF0102.JPG,FALSE,Not found
DSCF0114.JPG,FALSE,Not found
DSCF0074.JPG,FALSE,Not found
DSCF0061.JPG,FALSE,Not found
DSCF0075.JPG,FALSE,Not found
DSCF0115.JPG,FALSE,Not found
DSCF0101.JPG,FALSE,Not found
DSCF0013.JPG,FALSE,Not found
DSCF0039.JPG,FALSE,Not found
DSCF0011.JPG,FALSE,Not found
DSCF0010.JPG,FALSE,Not found
DSCF0038.JPG,FALSE,Not found
DSCF0014.JPG,FALSE,Not found
DSCF0029.JPG,FALSE,Not found
DSCF0015.JPG,FALSE,Not found
DSCF0161.JPG,FALSE,Not found
DSCF0163.JPG,FALSE,Not found
DSCF0017.JPG,FALSE,Not found
DSCF0162.JPG,FALSE,Not found
DSCF0006.JPG,FALSE,Not found
DSCF0007.JPG,FALSE,Not found
DSCF0005.JPG,FALSE,Not found
DSCF0185.JPG,FALSE,Not found
DSCF0187.JPG,FALSE,Not found
DSCF0186.JPG,FALSE,Not found
DSCF0157.JPG,FALSE,Not found
DSCF0159.JPG,FALSE,Not found
DSCF0158.JPG,FALSE,Not found
DSCF0147.JPG,TRUE,Not found
DSCF0153.JPG,TRUE,Not found
DSCF0190.JPG,TRUE,Not found
DSCF0191.JPG,TRUE,Not found
DSCF0146.JPG,TRUE,Not found
DSCF0150.JPG,TRUE,Not found
DSCF0145.JPG,TRUE,Not found
DSCF0151.JPG,TRUE,Not found
DSCF0155.JPG,TRUE,Not found
DSCF0141.JPG,TRUE,Not found
DSCF0154.JPG,TRUE,Not found
DSCF0142.JPG,TRUE,Not found
DSCF0143.JPG,TRUE,Not found
DSCF0130.JPG,TRUE,Not found
DSCF0050.JPG,TRUE,Not found
DSCF0051.JPG,TRUE,Not found
DSCF0133.JPG,TRUE,Not found
DSCF0053.JPG,TRUE,Not found
DSCF0122.JPG,TRUE,Not found
DSCF0057.JPG,TRUE,Not found
DSCF0123.JPG,TRUE,Not found
DSCF0137.JPG,TRUE,Not found
DSCF0121.JPG,TRUE,Not found
DSCF0135.JPG,TRUE,Not found
DSCF0055.JPG,TRUE,Not found
DSCF0054.JPG,TRUE,Not found
DSCF0134.JPG,TRUE,Not found
DSCF0139.JPG,TRUE,Not found
DSCF0059.JPG,TRUE,Not found
DSCF0065.JPG,TRUE,Not found
DSCF0058.JPG,TRUE,Not found
DSCF0138.JPG,TRUE,Not found
DSCF0066.JPG,TRUE,Not found
DSCF0067.JPG,TRUE,Not found
DSCF0049.JPG,TRUE,Not found
DSCF0129.JPG,TRUE,Not found
DSCF0001.JPG,TRUE,Not found
DSCF0149.JPG,TRUE,Not found
DSCF0003.JPG,TRUE,Not found
DSCF0002.JPG,TRUE,Not found
DSCF0189.JPG,TRUE,Not found
DSCF0045.JPG,FALSE,Not found
DSCF0047.JPG,FALSE,Not found
DSCF0046.JPG,FALSE,Not found
DSCF0027.JPG,FALSE,Not found
DSCF0026.JPG,FALSE,Not found
DSCF0025.JPG,FALSE,Not found
DSCF0021.JPG,FALSE,Not found
DSCF0022.JPG,FALSE,Not found
DSCF0023.JPG,FALSE,Not found
DSCF0087.JPG,FALSE,FALSE
DSCF0086.JPG,FALSE,FALSE
DSCF0085.JPG,FALSE,FALSE
DSCF0081.JPG,FALSE,FALSE
DSCF0109.JPG,FALSE,Not found
DSCF0082.JPG,FALSE,Not found
DSCF0083.JPG,FALSE,Not found
DSCF0105.JPG,FALSE,Not found
DSCF0111.JPG,FALSE,Not found
DSCF0110.JPG,FALSE,Not found
DSCF0106.JPG,FALSE,Not found
DSCF0107.JPG,FALSE,Not found
DSCF0113.JPG,FALSE,Not found
DSCF0114.JPG,FALSE,Not found
DSCF0115.JPG,FALSE,Not found
DSCF0006.JPG,FALSE,Not found
DSCF0007.JPG,FALSE,Not found
DSCF0005.JPG,FALSE,Not found
DSCF0009.JPG,FALSE,Not found
DSCF0078.JPG,FALSE,Not found
DSCF0079.JPG,FALSE,Not found
DSCF0097.JPG,FALSE,FALSE
DSCF0099.JPG,FALSE,FALSE
DSCF0098.JPG,FALSE,FALSE
DSCF0077.JPG,FALSE,FALSE
DSCF0011.JPG,FALSE,Not found
DSCF0010.JPG,FALSE,Not found
DSCF0030.JPG,FALSE,FALSE
DSCF0031.JPG,FALSE,FALSE
DSCF0090.JPG,FALSE,FALSE
DSCF0091.JPG,FALSE,FALSE
DSCF0089.JPG,FALSE,FALSE
DSCF0029.JPG,FALSE,FALSE
DSCF0118.JPG,TRUE,Not found
DSCF0119.JPG,TRUE,Not found
DSCF0117.JPG,TRUE,Not found
DSCF0001.JPG,TRUE,Not found
DSCF0003.JPG,TRUE,Not found
DSCF0002.JPG,TRUE,Not found
DSCF0093.JPG,FALSE,Not found
DSCF0095.JPG,FALSE,FALSE
DSCF0094.JPG,FALSE,FALSE
DSCF0103.JPG,FALSE,FALSE
DSCF0102.JPG,FALSE,FALSE
DSCF0101.JPG,FALSE,FALSE
DSCF0033.JPG,FALSE,FALSE
DSCF0018.JPG,FALSE,FALSE
DSCF0019.JPG,FALSE,FALSE
DSCF0035.JPG,FALSE,FALSE
DSCF0034.JPG,FALSE,FALSE
DSCF0013.JPG,FALSE,FALSE
DSCF0014.JPG,FALSE,FALSE
DSCF0015.JPG,FALSE,FALSE
DSCF0017.JPG,FALSE,FALSE
DSCF0030.JPG,FALSE,FALSE
DSCF0031.JPG,FALSE,FALSE
DSCF0035.JPG,FALSE,FALSE
DSCF0034.JPG,FALSE,FALSE
DSCF0037.JPG,FALSE,Not found
DSCF0051.JPG,FALSE,FALSE
DSCF0053.JPG,FALSE,FALSE
DSCF0056.JPG,FALSE,FALSE
DSCF0055.JPG,FALSE,FALSE
DSCF0040.JPG,FALSE,Not found
DSCF0054.JPG,FALSE,FALSE
DSCF0006.JPG,FALSE,FALSE
DSCF0013.JPG,FALSE,Not found
DSCF0038.JPG,FALSE,Not found
DSCF0029.JPG,FALSE,FALSE
DSCF0016.JPG,FALSE,Not found
DSCF0009.JPG,FALSE,FALSE
DSCF0008.JPG,FALSE,Not found
DSCF0044.JPG,FALSE,FALSE
DSCF0047.JPG,FALSE,Not found
DSCF0042.JPG,FALSE,Not found
DSCF0041.JPG,FALSE,Not found
DSCF0048.JPG,FALSE,Not found
DSCF0049.JPG,FALSE,Not found
DSCF0039.JPG,FALSE,Not found
DSCF0005.JPG,FALSE,Not found
DSCF0004.JPG,FALSE,Not found
DSCF0014.JPG,FALSE,Not found
DSCF0003.JPG,FALSE,Not found
DSCF0002.JPG,FALSE,Not found
DSCF0018.JPG,FALSE,Not found
DSCF0045.JPG,FALSE,Not found
DSCF0043.JPG,FALSE,Not found
DSCF0057.JPG,TRUE,Not found
DSCF0001.JPG,TRUE,Not found
DSCF0017.JPG,TRUE,Not found
DSCF0032.JPG,FALSE,Not found
DSCF0033.JPG,FALSE,Not found
DSCF0036.JPG,FALSE,Not found
DSCF0050.JPG,FALSE,Not found
DSCF0052.JPG,FALSE,Not found
DSCF0015.JPG,FALSE,Not found
DSCF0007.JPG,FALSE,Not found
DSCF0010.JPG,FALSE,Not found
DSCF0033.JPG,FALSE,FALSE
DSCF0030.JPG,FALSE,FALSE
DSCF0031.JPG,FALSE,Not found
DSCF0035.JPG,FALSE,FALSE
DSCF0009.JPG,FALSE,FALSE
DSCF0034.JPG,FALSE,FALSE
DSCF0037.JPG,FALSE,FALSE
DSCF0042.JPG,FALSE,FALSE
DSCF0043.JPG,FALSE,FALSE
DSCF0041.JPG,FALSE,FALSE
DSCF0039.JPG,FALSE,FALSE
DSCF0011.JPG,FALSE,FALSE
DSCF0010.JPG,FALSE,FALSE
DSCF0038.JPG,FALSE,FALSE
DSCF0029.JPG,FALSE,FALSE
DSCF0001.JPG,FALSE,FALSE
DSCF0003.JPG,FALSE,FALSE
DSCF0002.JPG,FALSE,FALSE
DSCF0050.JPG,TRUE,Not found
DSCF0051.JPG,TRUE,Not found
DSCF0049.JPG,TRUE,Not found
DSCF0045.JPG,FALSE,Not found
DSCF0047.JPG,FALSE,Not found
DSCF0046.JPG,FALSE,Not found
DSCF0006.JPG,FALSE,Not found
DSCF0007.JPG,FALSE,Not found
DSCF0005.JPG,FALSE,Not found
DSCF0001.JPG,FALSE,Not found
DSCF0003.JPG,FALSE,Not found
DSCF0002.JPG,FALSE,Not found
DSCF0033.JPG,FALSE,Not found
DSCF0018.JPG,FALSE,Not found
DSCF0019.JPG,FALSE,Not found
DSCF0035.JPG,FALSE,Not found
DSCF0034.JPG,FALSE,Not found
DSCF0017.JPG,FALSE,Not found
DSCF0021.JPG,FALSE,FALSE
DSCF0022.JPG,FALSE,TRUE
DSCF0023.JPG,FALSE,TRUE
DSCF0037.JPG,FALSE,FALSE
DSCF0042.JPG,FALSE,FALSE
DSCF0043.JPG,FALSE,FALSE
DSCF0041.JPG,FALSE,FALSE
DSCF0039.JPG,FALSE,TRUE
DSCF0038.JPG,FALSE,FALSE
DSCF0045.JPG,TRUE,Not found
DSCF0047.JPG,TRUE,Not found
DSCF0046.JPG,TRUE,Not found
DSCF0006.JPG,FALSE,TRUE
DSCF0007.JPG,FALSE,FALSE
DSCF0005.JPG,FALSE,FALSE
DSCF0202.JPG,FALSE,Not found
DSCF0203.JPG,FALSE,Not found
DSCF0201.JPG,FALSE,Not found
DSCF0594.JPG,FALSE,Not found
DSCF0595.JPG,FALSE,Not found
DSCF0554.JPG,FALSE,Not found
DSCF0555.JPG,FALSE,Not found
DSCF0545.JPG,FALSE,Not found
DSCF0593.JPG,FALSE,Not found
DSCF0195.JPG,FALSE,Not found
DSCF0546.JPG,FALSE,Not found
DSCF0547.JPG,FALSE,FALSE
DSCF0553.JPG,FALSE,Not found
DSCF0194.JPG,FALSE,Not found
DSCF0178.JPG,FALSE,Not found
DSCF0179.JPG,FALSE,Not found
DSCF0021.JPG,FALSE,Not found
DSCF0197.JPG,FALSE,Not found
DSCF0022.JPG,FALSE,Not found
DSCF0023.JPG,FALSE,Not found
DSCF0078.JPG,FALSE,Not found
DSCF0079.JPG,FALSE,Not found
DSCF0077.JPG,FALSE,Not found
DSCF0199.JPG,FALSE,Not found
DSCF0198.JPG,FALSE,Not found
DSCF0173.JPG,FALSE,Not found
DSCF0174.JPG,FALSE,Not found
DSCF0175.JPG,FALSE,Not found
DSCF0177.JPG,FALSE,Not found
DSCF0209.JPG,TRUE,Not found
DSCF0210.JPG,TRUE,Not found
DSCF0211.JPG,TRUE,Not found
DSCF0001.JPG,TRUE,Not found
DSCF0003.JPG,TRUE,Not found
DSCF0002.JPG,TRUE,Not found
DSCF0109.JPG,FALSE,Not found
DSCF0105.JPG,FALSE,Not found
DSCF0111.JPG,FALSE,Not found
DSCF0110.JPG,FALSE,Not found
DSCF0106.JPG,FALSE,Not found
DSCF0107.JPG,FALSE,Not found
DSCF0103.JPG,FALSE,Not found
DSCF0102.JPG,FALSE,Not found
DSCF0101.JPG,FALSE,Not found
DSCF0190.JPG,FALSE,Not found
DSCF0027.JPG,FALSE,Not found
DSCF0557.JPG,FALSE,Not found
DSCF0543.JPG,FALSE,Not found
DSCF0581.JPG,FALSE,FALSE
DSCF0542.JPG,FALSE,Not found
DSCF0026.JPG,FALSE,Not found
DSCF0191.JPG,FALSE,Not found
DSCF0583.JPG,FALSE,Not found
DSCF0582.JPG,FALSE,Not found
DSCF0541.JPG,FALSE,Not found
DSCF0569.JPG,FALSE,Not found
DSCF0025.JPG,FALSE,Not found
DSCF0182.JPG,FALSE,FALSE
DSCF0551.JPG,FALSE,Not found
DSCF0579.JPG,FALSE,Not found
DSCF0586.JPG,FALSE,Not found
DSCF0587.JPG,FALSE,Not found
DSCF0578.JPG,FALSE,Not found
DSCF0550.JPG,FALSE,Not found
DSCF0183.JPG,FALSE,Not found
DSCF0181.JPG,FALSE,Not found
DSCF0591.JPG,FALSE,Not found
DSCF0585.JPG,FALSE,Not found
DSCF0590.JPG,FALSE,Not found
DSCF0050.JPG,FALSE,Not found
DSCF0045.JPG,FALSE,Not found
DSCF0051.JPG,FALSE,Not found
DSCF0047.JPG,FALSE,FALSE
DSCF0046.JPG,FALSE,Not found
DSCF0063.JPG,FALSE,Not found
DSCF0062.JPG,FALSE,Not found
DSCF0049.JPG,FALSE,Not found
DSCF0061.JPG,FALSE,Not found
DSCF0589.JPG,FALSE,Not found
DSCF0577.JPG,FALSE,Not found
DSCF0549.JPG,FALSE,Not found
DSCF0570.JPG,FALSE,Not found
DSCF0558.JPG,FALSE,Not found
DSCF0559.JPG,FALSE,Not found
DSCF0571.JPG,FALSE,Not found
DSCF0565.JPG,FALSE,Not found
DSCF0567.JPG,FALSE,Not found
DSCF0566.JPG,FALSE,Not found
DSCF0189.JPG,FALSE,TRUE
DSCF0113.JPG,FALSE,Not found
DSCF0114.JPG,FALSE,Not found
DSCF0115.JPG,FALSE,Not found
DSCF0562.JPG,FALSE,Not found
DSCF0563.JPG,FALSE,Not found
DSCF0561.JPG,FALSE,Not found
DSCF0575.JPG,FALSE,Not found
DSCF0574.JPG,FALSE,Not found
DSCF0573.JPG,FALSE,Not found
DSCF0033.JPG,FALSE,Not found
DSCF0185.JPG,FALSE,Not found
DSCF0193.JPG,FALSE,Not found
DSCF0187.JPG,FALSE,Not found
DSCF0018.JPG,FALSE,Not found
DSCF0030.JPG,FALSE,Not found
DSCF0031.JPG,FALSE,Not found
DSCF0019.JPG,FALSE,Not found
DSCF0186.JPG,FALSE,Not found
DSCF0169.JPG,FALSE,Not found
DSCF0035.JPG,FALSE,Not found
DSCF0034.JPG,FALSE,Not found
DSCF0037.JPG,FALSE,Not found
DSCF0093.JPG,FALSE,Not found
DSCF0087.JPG,FALSE,Not found
DSCF0086.JPG,FALSE,Not found
DSCF0090.JPG,FALSE,Not found
DSCF0251.JPG,FALSE,Not found
DSCF0250.JPG,FALSE,Not found
DSCF0091.JPG,FALSE,Not found
DSCF0085.JPG,FALSE,Not found
DSCF0042.JPG,FALSE,Not found
DSCF0081.JPG,FALSE,Not found
DSCF0095.JPG,FALSE,Not found
DSCF0094.JPG,FALSE,Not found
DSCF0043.JPG,FALSE,Not found
DSCF0041.JPG,FALSE,Not found
DSCF0082.JPG,FALSE,Not found
DSCF0083.JPG,FALSE,Not found
DSCF0097.JPG,FALSE,Not found
DSCF0099.JPG,FALSE,Not found
DSCF0098.JPG,FALSE,Not found
DSCF0073.JPG,FALSE,Not found
DSCF0249.JPG,FALSE,Not found
DSCF0089.JPG,FALSE,Not found
DSCF0074.JPG,FALSE,Not found
DSCF0075.JPG,FALSE,Not found
DSCF0166.JPG,FALSE,Not found
DSCF0205.JPG,FALSE,Not found
DSCF0013.JPG,FALSE,Not found
DSCF0167.JPG,FALSE,Not found
DSCF0171.JPG,FALSE,Not found
DSCF0165.JPG,FALSE,Not found
DSCF0039.JPG,FALSE,Not found
DSCF0207.JPG,FALSE,Not found
DSCF0206.JPG,FALSE,Not found
DSCF0038.JPG,FALSE,Not found
DSCF0170.JPG,FALSE,Not found
DSCF0014.JPG,FALSE,Not found
DSCF0029.JPG,FALSE,Not found
DSCF0015.JPG,FALSE,Not found
DSCF0017.JPG,FALSE,Not found
DSCF0057.JPG,FALSE,Not found
DSCF0147.JPG,FALSE,Not found
DSCF0153.JPG,FALSE,Not found
DSCF0190.JPG,FALSE,Not found
DSCF0191.JPG,FALSE,Not found
DSCF0185.JPG,FALSE,Not found
DSCF0146.JPG,FALSE,Not found
DSCF0178.JPG,FALSE,Not found
DSCF0150.JPG,FALSE,Not found
DSCF0193.JPG,FALSE,Not found
DSCF0187.JPG,FALSE,Not found
DSCF0030.JPG,FALSE,Not found
DSCF0031.JPG,FALSE,Not found
DSCF0019.JPG,FALSE,Not found
DSCF0186.JPG,FALSE,Not found
DSCF0145.JPG,FALSE,Not found
DSCF0151.JPG,FALSE,Not found
DSCF0179.JPG,FALSE,Not found
DSCF0155.JPG,FALSE,Not found
DSCF0141.JPG,FALSE,Not found
DSCF0169.JPG,FALSE,Not found
DSCF0182.JPG,FALSE,Not found
DSCF0183.JPG,FALSE,Not found
DSCF0197.JPG,FALSE,Not found
DSCF0154.JPG,FALSE,Not found
DSCF0142.JPG,FALSE,Not found
DSCF0181.JPG,FALSE,Not found
DSCF0195.JPG,FALSE,Not found
DSCF0194.JPG,FALSE,Not found
DSCF0157.JPG,FALSE,Not found
DSCF0143.JPG,FALSE,Not found
DSCF0078.JPG,FALSE,Not found
DSCF0050.JPG,FALSE,Not found
DSCF0087.JPG,FALSE,Not found
DSCF0086.JPG,FALSE,Not found
DSCF0051.JPG,FALSE,Not found
DSCF0079.JPG,FALSE,Not found
DSCF0133.JPG,FALSE,Not found
DSCF0085.JPG,FALSE,Not found
DSCF0042.JPG,FALSE,Not found
DSCF0081.JPG,FALSE,Not found
DSCF0043.JPG,FALSE,Not found
DSCF0137.JPG,FALSE,Not found
DSCF0135.JPG,FALSE,Not found
DSCF0041.JPG,FALSE,Not found
DSCF0082.JPG,FALSE,Not found
DSCF0083.JPG,FALSE,Not found
DSCF0134.JPG,FALSE,Not found
DSCF0139.JPG,FALSE,Not found
DSCF0059.JPG,FALSE,Not found
DSCF0071.JPG,FALSE,Not found
DSCF0070.JPG,FALSE,Not found
DSCF0058.JPG,FALSE,Not found
DSCF0138.JPG,FALSE,Not found
DSCF0103.JPG,FALSE,Not found
DSCF0077.JPG,FALSE,Not found
DSCF0102.JPG,FALSE,Not found
DSCF0101.JPG,FALSE,Not found
DSCF0166.JPG,FALSE,Not found
DSCF0199.JPG,FALSE,Not found
DSCF0198.JPG,FALSE,Not found
DSCF0173.JPG,FALSE,Not found
DSCF0167.JPG,FALSE,Not found
DSCF0159.JPG,FALSE,Not found
DSCF0171.JPG,FALSE,Not found
DSCF0165.JPG,FALSE,Not found
DSCF0213.JPG,FALSE,Not found
DSCF0170.JPG,FALSE,Not found
DSCF0158.JPG,FALSE,Not found
DSCF0174.JPG,FALSE,Not found
DSCF0029.JPG,FALSE,Not found
DSCF0149.JPG,FALSE,Not found
DSCF0161.JPG,FALSE,Not found
DSCF0175.JPG,FALSE,Not found
DSCF0163.JPG,FALSE,Not found
DSCF0177.JPG,FALSE,Not found
DSCF0215.JPG,FALSE,Not found
DSCF0214.JPG,FALSE,Not found
DSCF0189.JPG,FALSE,Not found
DSCF0162.JPG,FALSE,Not found
DSCF0037.JPG,FALSE,Not found
DSCF0130.JPG,FALSE,Not found
DSCF0045.JPG,FALSE,Not found
DSCF0131.JPG,FALSE,Not found
DSCF0125.JPG,FALSE,Not found
DSCF0127.JPG,FALSE,Not found
DSCF0047.JPG,FALSE,Not found
DSCF0053.JPG,FALSE,Not found
DSCF0293.JPG,FALSE,Not found
DSCF0046.JPG,FALSE,Not found
DSCF0126.JPG,FALSE,Not found
DSCF0297.JPG,FALSE,Not found
DSCF0309.JPG,FALSE,Not found
DSCF0055.JPG,FALSE,Not found
DSCF0069.JPG,FALSE,Not found
DSCF0294.JPG,FALSE,Not found
DSCF0295.JPG,FALSE,Not found
DSCF0054.JPG,FALSE,Not found
DSCF0307.JPG,FALSE,Not found
DSCF0065.JPG,FALSE,Not found
DSCF0298.JPG,FALSE,Not found
DSCF0299.JPG,FALSE,Not found
DSCF0306.JPG,FALSE,Not found
DSCF0310.JPG,FALSE,Not found
DSCF0066.JPG,FALSE,Not found
DSCF0073.JPG,FALSE,Not found
DSCF0067.JPG,FALSE,Not found
DSCF0305.JPG,FALSE,Not found
DSCF0311.JPG,FALSE,Not found
DSCF0301.JPG,FALSE,Not found
DSCF0302.JPG,FALSE,Not found
DSCF0074.JPG,FALSE,Not found
DSCF0049.JPG,FALSE,Not found
DSCF0075.JPG,FALSE,Not found
DSCF0129.JPG,FALSE,Not found
DSCF0303.JPG,FALSE,Not found
DSCF0039.JPG,FALSE,Not found
DSCF0038.JPG,FALSE,Not found
DSCF0017.JPG,FALSE,Not found
DSCF0313.JPG,TRUE,Not found
DSCF0315.JPG,TRUE,Not found
DSCF0314.JPG,TRUE,Not found
DSCF0001.JPG,TRUE,Not found
DSCF0003.JPG,TRUE,Not found
DSCF0002.JPG,TRUE,Not found
DSCF0033.JPG,FALSE,Not found
DSCF0035.JPG,FALSE,Not found
DSCF0034.JPG,FALSE,Not found
DSCF0291.JPG,FALSE,Not found
DSCF0290.JPG,FALSE,Not found
DSCF0063.JPG,FALSE,Not found
DSCF0062.JPG,FALSE,Not found
DSCF0289.JPG,FALSE,Not found
DSCF0061.JPG,FALSE,Not found
DSCF0013.JPG,FALSE,FALSE
DSCF0014.JPG,FALSE,Not found
DSCF0015.JPG,FALSE,Not found
DSCF0018.JPG,FALSE,FALSE
DSCF0085.JPG,FALSE,FALSE
DSCF0033.JPG,FALSE,Not found
DSCF0027.JPG,FALSE,Not found
DSCF0026.JPG,FALSE,Not found
DSCF0032.JPG,FALSE,Not found
DSCF0024.JPG,FALSE,Not found
DSCF0025.JPG,FALSE,Not found
DSCF0019.JPG,FALSE,Not found
DSCF0021.JPG,FALSE,Not found
DSCF0035.JPG,FALSE,Not found
DSCF0009.JPG,FALSE,Not found
DSCF0008.JPG,FALSE,Not found
DSCF0034.JPG,FALSE,Not found
DSCF0020.JPG,FALSE,Not found
DSCF0036.JPG,FALSE,Not found
DSCF0037.JPG,FALSE,Not found
DSCF0078.JPG,FALSE,Not found
DSCF0050.JPG,FALSE,Not found
DSCF0044.JPG,FALSE,Not found
DSCF0093.JPG,FALSE,Not found
DSCF0092.JPG,FALSE,Not found
DSCF0045.JPG,FALSE,Not found
DSCF0051.JPG,FALSE,Not found
DSCF0079.JPG,FALSE,Not found
DSCF0047.JPG,FALSE,Not found
DSCF0053.JPG,FALSE,Not found
DSCF0084.JPG,FALSE,Not found
DSCF0090.JPG,FALSE,Not found
DSCF0091.JPG,FALSE,Not found
DSCF0052.JPG,FALSE,Not found
DSCF0046.JPG,FALSE,Not found
DSCF0042.JPG,FALSE,Not found
DSCF0056.JPG,FALSE,Not found
DSCF0081.JPG,FALSE,Not found
DSCF0095.JPG,FALSE,Not found
DSCF0094.JPG,FALSE,Not found
DSCF0080.JPG,FALSE,Not found
DSCF0057.JPG,FALSE,Not found
DSCF0043.JPG,FALSE,Not found
DSCF0055.JPG,FALSE,Not found
DSCF0069.JPG,FALSE,Not found
DSCF0096.JPG,FALSE,Not found
DSCF0082.JPG,FALSE,Not found
DSCF0083.JPG,FALSE,Not found
DSCF0097.JPG,FALSE,Not found
DSCF0068.JPG,FALSE,Not found
DSCF0040.JPG,FALSE,Not found
DSCF0054.JPG,FALSE,Not found
DSCF0059.JPG,FALSE,Not found
DSCF0071.JPG,FALSE,Not found
DSCF0065.JPG,FALSE,Not found
DSCF0064.JPG,FALSE,Not found
DSCF0070.JPG,FALSE,Not found
DSCF0058.JPG,FALSE,Not found
DSCF0066.JPG,FALSE,Not found
DSCF0072.JPG,FALSE,Not found
DSCF0073.JPG,FALSE,Not found
DSCF0067.JPG,FALSE,Not found
DSCF0063.JPG,FALSE,Not found
DSCF0077.JPG,FALSE,Not found
DSCF0088.JPG,FALSE,Not found
DSCF0089.JPG,FALSE,Not found
DSCF0076.JPG,FALSE,Not found
DSCF0062.JPG,FALSE,Not found
DSCF0074.JPG,FALSE,Not found
DSCF0060.JPG,FALSE,Not found
DSCF0048.JPG,FALSE,Not found
DSCF0049.JPG,FALSE,Not found
DSCF0061.JPG,FALSE,Not found
DSCF0075.JPG,FALSE,Not found
DSCF0012.JPG,FALSE,Not found
DSCF0013.JPG,FALSE,Not found
DSCF0039.JPG,FALSE,Not found
DSCF0038.JPG,FALSE,Not found
DSCF0014.JPG,FALSE,FALSE
DSCF0028.JPG,FALSE,Not found
DSCF0015.JPG,FALSE,Not found
DSCF0017.JPG,FALSE,Not found
DSCF0003.JPG,FALSE,Not found
DSCF0016.JPG,FALSE,Not found
DSCF0018.JPG,FALSE,Not found
DSCF0030.JPG,FALSE,FALSE
DSCF0031.JPG,FALSE,Not found
DSCF0006.JPG,FALSE,Not found
DSCF0029.JPG,FALSE,FALSE
DSCF0087.JPG,TRUE,FALSE
DSCF0041.JPG,TRUE,Not found
DSCF0099.JPG,TRUE,Not found
DSCF0098.JPG,TRUE,Not found
DSCF0001.JPG,TRUE,Not found
DSCF0002.JPG,TRUE,Not found
DSCF0023.JPG,FALSE,FALSE
DSCF0007.JPG,FALSE,FALSE
DSCF0086.JPG,TRUE,Not found
DSCF0130.JPG,FALSE,Not found
DSCF0131.JPG,FALSE,Not found
DSCF0129.JPG,FALSE,Not found
DSCF0006.JPG,FALSE,Not found
DSCF0007.JPG,FALSE,Not found
DSCF0005.JPG,FALSE,Not found
DSCF0001.JPG,FALSE,Not found
DSCF0003.JPG,FALSE,Not found
DSCF0002.JPG,FALSE,Not found
DSCF0291.JPG,FALSE,FALSE
DSCF0285.JPG,FALSE,FALSE
DSCF0290.JPG,FALSE,FALSE
DSCF0253.JPG,FALSE,FALSE
DSCF0045.JPG,FALSE,Not found
DSCF0047.JPG,FALSE,Not found
DSCF0053.JPG,FALSE,Not found
DSCF0279.JPG,FALSE,FALSE
DSCF0251.JPG,FALSE,FALSE
DSCF0286.JPG,FALSE,FALSE
DSCF0293.JPG,FALSE,Not found
DSCF0287.JPG,FALSE,FALSE
DSCF0250.JPG,FALSE,TRUE
DSCF0278.JPG,FALSE,FALSE
DSCF0046.JPG,FALSE,Not found
DSCF0254.JPG,FALSE,FALSE
DSCF0283.JPG,FALSE,FALSE
DSCF0282.JPG,FALSE,FALSE
DSCF0269.JPG,FALSE,FALSE
DSCF0255.JPG,FALSE,FALSE
DSCF0055.JPG,FALSE,Not found
DSCF0257.JPG,FALSE,FALSE
DSCF0294.JPG,FALSE,Not found
DSCF0281.JPG,FALSE,FALSE
DSCF0295.JPG,FALSE,Not found
DSCF0054.JPG,FALSE,Not found
DSCF0105.JPG,FALSE,Not found
DSCF0065.JPG,FALSE,Not found
DSCF0273.JPG,FALSE,FALSE
DSCF0267.JPG,FALSE,FALSE
DSCF0266.JPG,FALSE,FALSE
DSCF0106.JPG,FALSE,Not found
DSCF0066.JPG,FALSE,Not found
DSCF0258.JPG,FALSE,FALSE
DSCF0270.JPG,FALSE,FALSE
DSCF0271.JPG,FALSE,FALSE
DSCF0265.JPG,FALSE,FALSE
DSCF0259.JPG,FALSE,FALSE
DSCF0067.JPG,FALSE,Not found
DSCF0107.JPG,FALSE,Not found
DSCF0103.JPG,FALSE,Not found
DSCF0261.JPG,FALSE,FALSE
DSCF0275.JPG,FALSE,FALSE
DSCF0249.JPG,FALSE,FALSE
DSCF0274.JPG,FALSE,FALSE
DSCF0102.JPG,FALSE,Not found
DSCF0262.JPG,FALSE,FALSE
DSCF0289.JPG,FALSE,FALSE
DSCF0263.JPG,FALSE,FALSE
DSCF0277.JPG,FALSE,FALSE
DSCF0101.JPG,FALSE,Not found
DSCF0006.JPG,FALSE,FALSE
DSCF0007.JPG,FALSE,FALSE
DSCF0005.JPG,FALSE,FALSE
DSCF0030.JPG,FALSE,FALSE
DSCF0031.JPG,FALSE,FALSE
DSCF0029.JPG,FALSE,FALSE
DSCF0246.JPG,TRUE,Not found
DSCF0247.JPG,TRUE,Not found
DSCF0125.JPG,TRUE,FALSE
DSCF0127.JPG,TRUE,FALSE
DSCF0245.JPG,TRUE,Not found
DSCF0126.JPG,TRUE,FALSE
DSCF0122.JPG,TRUE,Not found
DSCF0123.JPG,TRUE,Not found
DSCF0121.JPG,TRUE,Not found
DSCF0001.JPG,TRUE,Not found
DSCF0003.JPG,TRUE,Not found
DSCF0002.JPG,TRUE,Not found
DSCF0133.JPG,FALSE,FALSE
DSCF0135.JPG,FALSE,FALSE
DSCF0134.JPG,FALSE,FALSE
DSCF0001.JPG,FALSE,Not found
DSCF0033.JPG,FALSE,FALSE
DSCF0035.JPG,FALSE,FALSE
DSCF0034.JPG,FALSE,FALSE
DSCF0037.JPG,FALSE,FALSE
DSCF0039.JPG,FALSE,TRUE
DSCF0038.JPG,FALSE,TRUE
DSCF0030.JPG,FALSE,Not found
DSCF0031.JPG,FALSE,Not found
DSCF0029.JPG,FALSE,Not found
DSCF0027.JPG,FALSE,FALSE
DSCF0026.JPG,FALSE,FALSE
DSCF0018.JPG,FALSE,TRUE
DSCF0025.JPG,FALSE,TRUE
DSCF0019.JPG,FALSE,FALSE
DSCF0021.JPG,FALSE,FALSE
DSCF0009.JPG,FALSE,TRUE
DSCF0022.JPG,FALSE,FALSE
DSCF0023.JPG,FALSE,FALSE
DSCF0042.JPG,FALSE,FALSE
DSCF0043.JPG,FALSE,FALSE
DSCF0041.JPG,FALSE,FALSE
DSCF0006.JPG,FALSE,TRUE
DSCF0007.JPG,FALSE,FALSE
DSCF0013.JPG,FALSE,FALSE
DSCF0005.JPG,FALSE,TRUE
DSCF0011.JPG,FALSE,FALSE
DSCF0010.JPG,FALSE,TRUE
DSCF0014.JPG,FALSE,FALSE
DSCF0015.JPG,FALSE,FALSE
DSCF0017.JPG,FALSE,FALSE
DSCF0050.JPG,TRUE,Not found
DSCF0051.JPG,TRUE,Not found
DSCF0049.JPG,TRUE,Not found
DSCF0045.JPG,FALSE,TRUE
DSCF0047.JPG,FALSE,FALSE
DSCF0046.JPG,FALSE,TRUE
DSCF0030.JPG,FALSE,Not found
DSCF0031.JPG,FALSE,Not found
DSCF0021.JPG,FALSE,FALSE
DSCF0022.JPG,FALSE,FALSE
DSCF0023.JPG,FALSE,FALSE
DSCF0037.JPG,FALSE,FALSE
DSCF0045.JPG,FALSE,FALSE
DSCF0047.JPG,FALSE,FALSE
DSCF0046.JPG,FALSE,FALSE
DSCF0042.JPG,FALSE,FALSE
DSCF0043.JPG,FALSE,FALSE
DSCF0041.JPG,FALSE,FALSE
DSCF0105.JPG,FALSE,FALSE
DSCF0106.JPG,FALSE,FALSE
DSCF0107.JPG,FALSE,FALSE
DSCF0039.JPG,FALSE,FALSE
DSCF0038.JPG,FALSE,FALSE
DSCF0029.JPG,FALSE,Not found
DSCF0093.JPG,FALSE,Not found
DSCF0095.JPG,FALSE,Not found
DSCF0094.JPG,FALSE,Not found
DSCF0109.JPG,FALSE,Not found
DSCF0111.JPG,FALSE,Not found
DSCF0110.JPG,FALSE,Not found
DSCF0018.JPG,FALSE,Not found
DSCF0019.JPG,FALSE,Not found
DSCF0013.JPG,FALSE,Not found
DSCF0014.JPG,FALSE,Not found
DSCF0015.JPG,FALSE,Not found
DSCF0017.JPG,FALSE,Not found
DSCF0113.JPG,FALSE,FALSE
DSCF0114.JPG,FALSE,FALSE
DSCF0115.JPG,FALSE,FALSE
DSCF0118.JPG,TRUE,Not found
DSCF0119.JPG,TRUE,Not found
DSCF0117.JPG,TRUE,Not found
DSCF0006.JPG,TRUE,Not found
DSCF0007.JPG,TRUE,TRUE
DSCF0005.JPG,TRUE,Not found
DSCF0001.JPG,TRUE,Not found
DSCF0003.JPG,TRUE,TRUE
DSCF0002.JPG,TRUE,TRUE
DSCF0033.JPG,FALSE,FALSE
DSCF0035.JPG,FALSE,FALSE
DSCF0034.JPG,FALSE,FALSE
DSCF0027.JPG,FALSE,FALSE
DSCF0026.JPG,FALSE,FALSE
DSCF0025.JPG,FALSE,FALSE
DSCF0009.JPG,FALSE,FALSE
DSCF0103.JPG,FALSE,FALSE
DSCF0102.JPG,FALSE,FALSE
DSCF0101.JPG,FALSE,FALSE
DSCF0011.JPG,FALSE,FALSE
DSCF0010.JPG,FALSE,FALSE
DSCF0050.JPG,FALSE,Not found
DSCF0051.JPG,FALSE,Not found
DSCF0097.JPG,FALSE,Not found
DSCF0099.JPG,FALSE,Not found
DSCF0098.JPG,FALSE,Not found
DSCF0049.JPG,FALSE,Not found
DSCF0006.JPG,FALSE,Not found
DSCF0007.JPG,FALSE,Not found
DSCF0005.JPG,FALSE,Not found
DSCF0001.JPG,TRUE,Not found
DSCF0003.JPG,TRUE,Not found
DSCF0002.JPG,TRUE,Not found
DSCF0034.JPG,FALSE,Not found
DSCF0022.JPG,FALSE,Not found
DSCF0004.JPG,FALSE,FALSE
DSCF0007.JPG,FALSE,Not found
DSCF0014.JPG,FALSE,Not found
DSCF0047.JPG,FALSE,FALSE
DSCF0030.JPG,TRUE,FALSE
DSCF0021.JPG,TRUE,TRUE
DSCF0036.JPG,TRUE,TRUE
DSCF0050.JPG,TRUE,Not found
DSCF0048.JPG,TRUE,Not found
DSCF0049.JPG,TRUE,Not found
DSCF0006.JPG,TRUE,Not found
DSCF0005.JPG,TRUE,Not found
DSCF0001.JPG,TRUE,Not found
DSCF0002.JPG,TRUE,Not found
DSCF0016.JPG,TRUE,Not found
DSCF0012.JPG,FALSE,FALSE
DSCF0008.JPG,TRUE,TRUE
DSCF0042.JPG,TRUE,TRUE
DSCF0010.JPG,TRUE,FALSE
DSCF0003.JPG,TRUE,Not found
DSCF0019.JPG,FALSE,FALSE
DSCF0009.JPG,FALSE,Not found
DSCF0020.JPG,FALSE,FALSE
IMG_0014.JPG,FALSE,FALSE
IMG_0028.JPG,FALSE,FALSE
IMG_0017.JPG,FALSE,FALSE
IMG_0016.JPG,FALSE,FALSE
IMG_0012.JPG,FALSE,FALSE
IMG_0013.JPG,FALSE,FALSE
IMG_0038.JPG,FALSE,FALSE
IMG_0021.JPG,FALSE,FALSE
IMG_0020.JPG,FALSE,FALSE
IMG_0022.JPG,FALSE,FALSE
IMG_0036.JPG,FALSE,FALSE
IMG_0033.JPG,FALSE,FALSE
IMG_0032.JPG,FALSE,FALSE
IMG_0026.JPG,FALSE,FALSE
IMG_0018.JPG,FALSE,FALSE
IMG_0030.JPG,FALSE,FALSE
IMG_0024.JPG,FALSE,FALSE
IMG_0025.JPG,FALSE,FALSE
IMG_1505.JPG,FALSE,FALSE
IMG_1504.JPG,FALSE,FALSE
IMG_1506.JPG,FALSE,FALSE
IMG_0068.JPG,FALSE,FALSE
IMG_1294.JPG,TRUE,FALSE
IMG_1280.JPG,TRUE,TRUE
IMG_1309.JPG,TRUE,FALSE
IMG_1296.JPG,TRUE,FALSE
IMG_1269.JPG,TRUE,FALSE
IMG_1268.JPG,TRUE,TRUE
IMG_1297.JPG,TRUE,TRUE
IMG_1308.JPG,TRUE,FALSE
IMG_1293.JPG,TRUE,TRUE
IMG_1286.JPG,TRUE,FALSE
IMG_1292.JPG,TRUE,FALSE
IMG_1284.JPG,TRUE,FALSE
IMG_1290.JPG,TRUE,TRUE
IMG_1285.JPG,TRUE,TRUE
IMG_0010.JPG,TRUE,TRUE
IMG_0009.JPG,TRUE,TRUE
IMG_1288.JPG,TRUE,FALSE
IMG_1276.JPG,TRUE,TRUE
IMG_1289.JPG,TRUE,TRUE
IMG_1302.JPG,TRUE,TRUE
IMG_0008.JPG,TRUE,FALSE
IMG_1300.JPG,TRUE,TRUE
IMG_1274.JPG,TRUE,FALSE
IMG_1301.JPG,TRUE,FALSE
IMG_1305.JPG,TRUE,TRUE
IMG_1310.JPG,TRUE,FALSE
IMG_1304.JPG,TRUE,FALSE
IMG_1306.JPG,TRUE,TRUE
IMG_1272.JPG,TRUE,FALSE
IMG_1273.JPG,TRUE,FALSE
IMG_0982.JPG,FALSE,FALSE
IMG_1096.JPG,FALSE,FALSE
IMG_0981.JPG,FALSE,FALSE
IMG_0994.JPG,FALSE,FALSE
IMG_0980.JPG,FALSE,FALSE
IMG_0984.JPG,FALSE,FALSE
IMG_0990.JPG,FALSE,FALSE
IMG_0985.JPG,FALSE,FALSE
IMG_0978.JPG,FALSE,TRUE
IMG_0993.JPG,FALSE,FALSE
IMG_0986.JPG,FALSE,FALSE
IMG_0992.JPG,FALSE,FALSE
IMG_0298.JPG,FALSE,FALSE
IMG_0297.JPG,FALSE,FALSE
IMG_0974.JPG,FALSE,FALSE
IMG_1101.JPG,FALSE,FALSE
IMG_0977.JPG,FALSE,TRUE
IMG_0988.JPG,FALSE,FALSE
IMG_1102.JPG,FALSE,FALSE
IMG_0989.JPG,FALSE,FALSE
IMG_0976.JPG,FALSE,TRUE
IMG_0973.JPG,FALSE,FALSE
DSCF0147.JPG,FALSE,Not found
DSCF0153.JPG,FALSE,Not found
DSCF0027.JPG,FALSE,Not found
DSCF0026.JPG,FALSE,Not found
DSCF0146.JPG,FALSE,Not found
DSCF0030.JPG,FALSE,Not found
DSCF0031.JPG,FALSE,Not found
DSCF0025.JPG,FALSE,Not found
DSCF0145.JPG,FALSE,Not found
DSCF0155.JPG,FALSE,Not found
DSCF0182.JPG,FALSE,Not found
DSCF0183.JPG,FALSE,Not found
DSCF0154.JPG,FALSE,Not found
DSCF0181.JPG,FALSE,Not found
DSCF0157.JPG,FALSE,Not found
DSCF0081.JPG,FALSE,Not found
DSCF0082.JPG,FALSE,Not found
DSCF0083.JPG,FALSE,Not found
DSCF0063.JPG,FALSE,Not found
DSCF0062.JPG,FALSE,Not found
DSCF0061.JPG,FALSE,Not found
DSCF0159.JPG,FALSE,Not found
DSCF0158.JPG,FALSE,Not found
DSCF0029.JPG,FALSE,Not found
DSCF0161.JPG,FALSE,Not found
DSCF0150.JPG,FALSE,Not found
DSCF0018.JPG,FALSE,Not found
DSCF0019.JPG,FALSE,Not found
DSCF0151.JPG,FALSE,Not found
DSCF0021.JPG,FALSE,Not found
DSCF0035.JPG,FALSE,Not found
DSCF0223.JPG,FALSE,Not found
DSCF0034.JPG,FALSE,Not found
DSCF0022.JPG,FALSE,Not found
DSCF0023.JPG,FALSE,Not found
DSCF0118.JPG,FALSE,Not found
DSCF0130.JPG,FALSE,Not found
DSCF0078.JPG,FALSE,Not found
DSCF0079.JPG,FALSE,Not found
DSCF0131.JPG,FALSE,Not found
DSCF0119.JPG,FALSE,Not found
DSCF0137.JPG,FALSE,Not found
DSCF0055.JPG,FALSE,Not found
DSCF0097.JPG,FALSE,Not found
DSCF0139.JPG,FALSE,Not found
DSCF0111.JPG,FALSE,Not found
DSCF0065.JPG,FALSE,Not found
DSCF0138.JPG,FALSE,Not found
DSCF0066.JPG,FALSE,Not found
DSCF0099.JPG,FALSE,Not found
DSCF0098.JPG,FALSE,Not found
DSCF0067.JPG,FALSE,Not found
DSCF0117.JPG,FALSE,Not found
DSCF0077.JPG,FALSE,Not found
DSCF0114.JPG,FALSE,Not found
DSCF0115.JPG,FALSE,Not found
DSCF0205.JPG,FALSE,Not found
DSCF0207.JPG,FALSE,Not found
DSCF0206.JPG,FALSE,Not found
DSCF0014.JPG,FALSE,Not found
DSCF0015.JPG,FALSE,Not found
DSCF0149.JPG,FALSE,Not found
DSCF0163.JPG,FALSE,Not found
DSCF0003.JPG,FALSE,Not found
DSCF0215.JPG,FALSE,Not found
DSCF0214.JPG,FALSE,Not found
DSCF0002.JPG,FALSE,Not found
DSCF0162.JPG,FALSE,Not found
DSCF0109.JPG,FALSE,Not found
DSCF0110.JPG,FALSE,Not found
DSCF0219.JPG,TRUE,Not found
DSCF0218.JPG,TRUE,Not found
DSCF0222.JPG,TRUE,Not found
DSCF0221.JPG,TRUE,Not found
DSCF0053.JPG,TRUE,Not found
DSCF0057.JPG,TRUE,Not found
DSCF0054.JPG,TRUE,Not found
DSCF0059.JPG,TRUE,Not found
DSCF0058.JPG,TRUE,Not found
DSCF0006.JPG,TRUE,Not found
DSCF0007.JPG,TRUE,Not found
DSCF0005.JPG,TRUE,Not found
DSCF0217.JPG,TRUE,Not found
DSCF0001.JPG,TRUE,Not found
DSCF0033.JPG,FALSE,Not found
DSCF0009.JPG,FALSE,Not found
DSCF0209.JPG,FALSE,Not found
DSCF0093.JPG,FALSE,Not found
DSCF0133.JPG,FALSE,Not found
DSCF0122.JPG,FALSE,Not found
DSCF0095.JPG,FALSE,Not found
DSCF0094.JPG,FALSE,Not found
DSCF0123.JPG,FALSE,Not found
DSCF0121.JPG,FALSE,Not found
DSCF0135.JPG,FALSE,Not found
DSCF0069.JPG,FALSE,Not found
DSCF0134.JPG,FALSE,Not found
DSCF0105.JPG,FALSE,Not found
DSCF0071.JPG,FALSE,Not found
DSCF0070.JPG,FALSE,Not found
DSCF0106.JPG,FALSE,Not found
DSCF0073.JPG,FALSE,Not found
DSCF0107.JPG,FALSE,Not found
DSCF0074.JPG,FALSE,Not found
DSCF0075.JPG,FALSE,Not found
DSCF0166.JPG,FALSE,Not found
DSCF0210.JPG,FALSE,Not found
DSCF0211.JPG,FALSE,Not found
DSCF0167.JPG,FALSE,Not found
DSCF0165.JPG,FALSE,Not found
DSCF0011.JPG,FALSE,Not found
DSCF0213.JPG,FALSE,Not found
DSCF0010.JPG,FALSE,Not found
DSCF0113.JPG,FALSE,Not found
DSCF0013.JPG,FALSE,Not found
DSCF0017.JPG,FALSE,Not found
DSCF0087.JPG,TRUE,Not found
DSCF0086.JPG,TRUE,Not found
DSCF0090.JPG,TRUE,Not found
DSCF0091.JPG,TRUE,Not found
DSCF0085.JPG,TRUE,Not found
DSCF0089.JPG,TRUE,Not found
DSCF0141.JPG,FALSE,Not found
DSCF0142.JPG,FALSE,Not found
DSCF0037.JPG,FALSE,Not found
DSCF0143.JPG,FALSE,Not found
DSCF0125.JPG,FALSE,Not found
DSCF0127.JPG,FALSE,Not found
DSCF0126.JPG,FALSE,Not found
DSCF0129.JPG,FALSE,Not found
DSCF0039.JPG,FALSE,Not found
DSCF0038.JPG,FALSE,Not found
DSCF0050.JPG,FALSE,Not found
DSCF0045.JPG,FALSE,Not found
DSCF0051.JPG,FALSE,Not found
DSCF0047.JPG,FALSE,Not found
DSCF0046.JPG,FALSE,Not found
DSCF0103.JPG,FALSE,Not found
DSCF0102.JPG,FALSE,Not found
DSCF0049.JPG,FALSE,Not found
DSCF0101.JPG,FALSE,Not found
DSCF0018.JPG,FALSE,Not found
DSCF0009.JPG,FALSE,Not found
DSCF0008.JPG,FALSE,Not found
DSCF0012.JPG,FALSE,FALSE
DSCF0006.JPG,FALSE,Not found
DSCF0007.JPG,FALSE,Not found
DSCF0013.JPG,FALSE,Not found
DSCF0005.JPG,FALSE,Not found
DSCF0011.JPG,FALSE,Not found
DSCF0004.JPG,FALSE,Not found
DSCF0014.JPG,FALSE,Not found
DSCF0001.JPG,FALSE,Not found
DSCF0003.JPG,FALSE,Not found
DSCF0002.JPG,FALSE,Not found
DSCF0019.JPG,TRUE,Not found
DSCF0010.JPG,TRUE,Not found
101MEDIA_DSCF0048.JPG,FALSE,Not found
101MEDIA_DSCF0712.JPG,FALSE,Not found
101MEDIA_DSCF0074.JPG,FALSE,Not found
100MEDIA_DSCF0714.JPG,FALSE,Not found
101MEDIA_DSCF0060.JPG,FALSE,Not found
101MEDIA_DSCF0706.JPG,FALSE,Not found
100MEDIA_DSCF0066.JPG,FALSE,Not found
100MEDIA_DSCF0933.JPG,FALSE,Not found
100MEDIA_DSCF0927.JPG,FALSE,Not found
100MEDIA_DSCF0099.JPG,FALSE,Not found
100MEDIA_DSCF0258.JPG,FALSE,Not found
101MEDIA_DSCF0276.JPG,FALSE,Not found
101MEDIA_DSCF0510.JPG,FALSE,Not found
101MEDIA_DSCF0504.JPG,FALSE,Not found
100MEDIA_DSCF0502.JPG,FALSE,Not found
101MEDIA_DSCF0262.JPG,FALSE,Not found
101MEDIA_DSCF0458.JPG,FALSE,Not found
100MEDIA_DSCF0462.JPG,FALSE,Not found
101MEDIA_DSCF0302.JPG,FALSE,Not found
101MEDIA_DSCF0464.JPG,FALSE,Not found
101MEDIA_DSCF0470.JPG,FALSE,Not found
101MEDIA_DSCF0316.JPG,FALSE,Not found
100MEDIA_DSCF0489.JPG,FALSE,Not found
101MEDIA_DSCF0128.JPG,FALSE,Not found
100MEDIA_DSCF0106.JPG,FALSE,Not found
101MEDIA_DSCF0100.JPG,FALSE,Not found
101MEDIA_DSCF0114.JPG,FALSE,Not found
100MEDIA_DSCF0674.JPG,FALSE,Not found
101MEDIA_DSCF0699.JPG,FALSE,Not found
101MEDIA_DSCF0698.JPG,FALSE,Not found
100MEDIA_DSCF0675.JPG,FALSE,Not found
101MEDIA_DSCF0115.JPG,FALSE,Not found
100MEDIA_DSCF0113.JPG,FALSE,Not found
100MEDIA_DSCF0107.JPG,FALSE,Not found
100MEDIA_DSCF0661.JPG,FALSE,Not found
100MEDIA_DSCF0649.JPG,FALSE,Not found
101MEDIA_DSCF0471.JPG,FALSE,Not found
100MEDIA_DSCF0477.JPG,FALSE,Not found
101MEDIA_DSCF0303.JPG,FALSE,Not found
100MEDIA_DSCF0463.JPG,FALSE,Not found
101MEDIA_DSCF0459.JPG,FALSE,Not found
101MEDIA_DSCF0288.JPG,FALSE,Not found
101MEDIA_DSCF0263.JPG,FALSE,Not found
100MEDIA_DSCF0503.JPG,FALSE,Not found
100MEDIA_DSCF0517.JPG,FALSE,Not found
101MEDIA_DSCF0511.JPG,FALSE,Not found
100MEDIA_DSCF0259.JPG,FALSE,Not found
100MEDIA_DSCF0926.JPG,FALSE,Not found
100MEDIA_DSCF0098.JPG,FALSE,Not found
100MEDIA_DSCF0701.JPG,FALSE,Not found
100MEDIA_DSCF0067.JPG,FALSE,Not found
101MEDIA_DSCF0707.JPG,FALSE,Not found
100MEDIA_DSCF0073.JPG,FALSE,Not found
100MEDIA_DSCF0715.JPG,FALSE,Not found
101MEDIA_DSCF0075.JPG,FALSE,Not found
100MEDIA_DSCF0729.JPG,FALSE,Not found
100MEDIA_DSCF0059.JPG,FALSE,Not found
100MEDIA_DSCF0065.JPG,FALSE,Not found
100MEDIA_DSCF0703.JPG,FALSE,Not found
100MEDIA_DSCF0717.JPG,FALSE,Not found
100MEDIA_DSCF0071.JPG,FALSE,Not found
101MEDIA_DSCF0711.JPG,FALSE,Not found
100MEDIA_DSCF0930.JPG,FALSE,Not found
101MEDIA_DSCF0088.JPG,FALSE,Not found
100MEDIA_DSCF0918.JPG,FALSE,Not found
100MEDIA_DSCF0529.JPG,FALSE,Not found
100MEDIA_DSCF0501.JPG,FALSE,Not found
100MEDIA_DSCF0267.JPG,FALSE,Not found
101MEDIA_DSCF0275.JPG,FALSE,Not found
100MEDIA_DSCF0515.JPG,FALSE,Not found
100MEDIA_DSCF0449.JPG,FALSE,Not found
101MEDIA_DSCF0315.JPG,FALSE,Not found
100MEDIA_DSCF0475.JPG,FALSE,Not found
101MEDIA_DSCF0467.JPG,FALSE,Not found
100MEDIA_DSCF0461.JPG,FALSE,Not found
100MEDIA_DSCF0893.JPG,FALSE,Not found
100MEDIA_DSCF0139.JPG,FALSE,Not found
100MEDIA_DSCF0111.JPG,FALSE,Not found
100MEDIA_DSCF0677.JPG,FALSE,Not found
100MEDIA_DSCF0663.JPG,FALSE,Not found
101MEDIA_DSCF0103.JPG,FALSE,Not found
100MEDIA_DSCF0105.JPG,FALSE,Not found
100MEDIA_DSCF0850.JPG,FALSE,Not found
100MEDIA_DSCF0851.JPG,FALSE,Not found
100MEDIA_DSCF0689.JPG,FALSE,Not found
101MEDIA_DSCF0102.JPG,FALSE,Not found
100MEDIA_DSCF0662.JPG,FALSE,Not found
100MEDIA_DSCF0110.JPG,FALSE,Not found
101MEDIA_DSCF0116.JPG,FALSE,Not found
100MEDIA_DSCF0138.JPG,FALSE,Not found
101MEDIA_DSCF0466.JPG,FALSE,Not found
101MEDIA_DSCF0300.JPG,FALSE,Not found
100MEDIA_DSCF0474.JPG,FALSE,Not found
101MEDIA_DSCF0314.JPG,FALSE,Not found
101MEDIA_DSCF0472.JPG,FALSE,Not found
101MEDIA_DSCF0328.JPG,FALSE,Not found
101MEDIA_DSCF0512.JPG,FALSE,Not found
100MEDIA_DSCF0514.JPG,FALSE,Not found
101MEDIA_DSCF0274.JPG,FALSE,Not found
101MEDIA_DSCF0260.JPG,FALSE,Not found
100MEDIA_DSCF0266.JPG,FALSE,Not found
101MEDIA_DSCF0248.JPG,FALSE,Not found
100MEDIA_DSCF0919.JPG,FALSE,Not found
100MEDIA_DSCF0931.JPG,FALSE,Not found
100MEDIA_DSCF0925.JPG,FALSE,Not found
101MEDIA_DSCF0076.JPG,FALSE,Not found
101MEDIA_DSCF0710.JPG,FALSE,Not found
100MEDIA_DSCF0070.JPG,FALSE,Not found
100MEDIA_DSCF0702.JPG,FALSE,Not found
100MEDIA_DSCF0058.JPG,FALSE,Not found
100MEDIA_DSCF0706.JPG,FALSE,Not found
101MEDIA_DSCF0700.JPG,FALSE,Not found
100MEDIA_DSCF0074.JPG,FALSE,Not found
101MEDIA_DSCF0714.JPG,FALSE,Not found
101MEDIA_DSCF0072.JPG,FALSE,Not found
101MEDIA_DSCF0728.JPG,FALSE,Not found
100MEDIA_DSCF0909.JPG,FALSE,Not found
100MEDIA_DSCF0921.JPG,FALSE,Not found
101MEDIA_DSCF0099.JPG,FALSE,Not found
100MEDIA_DSCF0935.JPG,FALSE,Not found
101MEDIA_DSCF0502.JPG,FALSE,Not found
100MEDIA_DSCF0262.JPG,FALSE,Not found
101MEDIA_DSCF0264.JPG,FALSE,Not found
101MEDIA_DSCF0270.JPG,FALSE,Not found
100MEDIA_DSCF0510.JPG,FALSE,Not found
101MEDIA_DSCF0516.JPG,FALSE,Not found
100MEDIA_DSCF0538.JPG,FALSE,Not found
101MEDIA_DSCF0258.JPG,FALSE,Not found
101MEDIA_DSCF0476.JPG,FALSE,Not found
101MEDIA_DSCF0310.JPG,FALSE,Not found
100MEDIA_DSCF0470.JPG,FALSE,Not found
101MEDIA_DSCF0304.JPG,FALSE,Not found
101MEDIA_DSCF0462.JPG,FALSE,Not found
100MEDIA_DSCF0458.JPG,FALSE,Not found
101MEDIA_DSCF0338.JPG,FALSE,Not found
101MEDIA_DSCF0112.JPG,FALSE,Not found
100MEDIA_DSCF0114.JPG,FALSE,Not found
100MEDIA_DSCF0666.JPG,FALSE,Not found
101MEDIA_DSCF0106.JPG,FALSE,Not found
100MEDIA_DSCF0699.JPG,FALSE,Not found
100MEDIA_DSCF0698.JPG,FALSE,Not found
100MEDIA_DSCF0897.JPG,FALSE,Not found
100MEDIA_DSCF0129.JPG,FALSE,Not found
100MEDIA_DSCF0101.JPG,FALSE,Not found
101MEDIA_DSCF0107.JPG,FALSE,Not found
100MEDIA_DSCF0667.JPG,FALSE,Not found
100MEDIA_DSCF0673.JPG,FALSE,Not found
100MEDIA_DSCF0115.JPG,FALSE,Not found
101MEDIA_DSCF0488.JPG,FALSE,Not found
101MEDIA_DSCF0339.JPG,FALSE,Not found
100MEDIA_DSCF0459.JPG,FALSE,Not found
100MEDIA_DSCF0465.JPG,FALSE,Not found
101MEDIA_DSCF0463.JPG,FALSE,Not found
100MEDIA_DSCF0471.JPG,FALSE,Not found
101MEDIA_DSCF0311.JPG,FALSE,Not found
101MEDIA_DSCF0259.JPG,FALSE,Not found
100MEDIA_DSCF0539.JPG,FALSE,Not found
100MEDIA_DSCF0511.JPG,FALSE,Not found
101MEDIA_DSCF0271.JPG,FALSE,Not found
100MEDIA_DSCF0263.JPG,FALSE,Not found
101MEDIA_DSCF0503.JPG,FALSE,Not found
100MEDIA_DSCF0505.JPG,FALSE,Not found
100MEDIA_DSCF0934.JPG,FALSE,Not found
101MEDIA_DSCF0098.JPG,FALSE,Not found
100MEDIA_DSCF0049.JPG,FALSE,Not found
101MEDIA_DSCF0715.JPG,FALSE,Not found
100MEDIA_DSCF0075.JPG,FALSE,Not found
100MEDIA_DSCF0713.JPG,FALSE,Not found
100MEDIA_DSCF0707.JPG,FALSE,Not found
100MEDIA_DSCF0061.JPG,FALSE,Not found
101MEDIA_DSCF0071.JPG,FALSE,Not found
100MEDIA_DSCF0711.JPG,FALSE,Not found
100MEDIA_DSCF0077.JPG,FALSE,Not found
100MEDIA_DSCF0063.JPG,FALSE,Not found
100MEDIA_DSCF0705.JPG,FALSE,Not found
100MEDIA_DSCF0739.JPG,FALSE,Not found
101MEDIA_DSCF0059.JPG,FALSE,Not found
100MEDIA_DSCF0922.JPG,FALSE,Not found
101MEDIA_DSCF0515.JPG,FALSE,Not found
100MEDIA_DSCF0513.JPG,FALSE,Not found
100MEDIA_DSCF0507.JPG,FALSE,Not found
101MEDIA_DSCF0267.JPG,FALSE,Not found
100MEDIA_DSCF0261.JPG,FALSE,Not found
100MEDIA_DSCF0249.JPG,FALSE,Not found
101MEDIA_DSCF0298.JPG,FALSE,Not found
100MEDIA_DSCF0467.JPG,FALSE,Not found
101MEDIA_DSCF0307.JPG,FALSE,Not found
100MEDIA_DSCF0473.JPG,FALSE,Not found
101MEDIA_DSCF0475.JPG,FALSE,Not found
100MEDIA_DSCF0498.JPG,FALSE,Not found
100MEDIA_DSCF0665.JPG,FALSE,Not found
100MEDIA_DSCF0103.JPG,FALSE,Not found
100MEDIA_DSCF0117.JPG,FALSE,Not found
101MEDIA_DSCF0111.JPG,FALSE,Not found
100MEDIA_DSCF0671.JPG,FALSE,Not found
100MEDIA_DSCF0659.JPG,FALSE,Not found
101MEDIA_DSCF0139.JPG,FALSE,Not found
100MEDIA_DSCF0895.JPG,FALSE,Not found
100MEDIA_DSCF0894.JPG,FALSE,Not found
101MEDIA_DSCF0138.JPG,FALSE,Not found
100MEDIA_DSCF0658.JPG,FALSE,Not found
100MEDIA_DSCF0670.JPG,FALSE,Not found
101MEDIA_DSCF0110.JPG,FALSE,Not found
101MEDIA_DSCF0104.JPG,FALSE,Not found
100MEDIA_DSCF0102.JPG,FALSE,Not found
100MEDIA_DSCF0499.JPG,FALSE,Not found
101MEDIA_DSCF0448.JPG,FALSE,Not found
101MEDIA_DSCF0312.JPG,FALSE,Not found
101MEDIA_DSCF0474.JPG,FALSE,Not found
101MEDIA_DSCF0460.JPG,FALSE,Not found
101MEDIA_DSCF0306.JPG,FALSE,Not found
100MEDIA_DSCF0466.JPG,FALSE,Not found
101MEDIA_DSCF0299.JPG,FALSE,Not found
101MEDIA_DSCF0528.JPG,FALSE,Not found
101MEDIA_DSCF0266.JPG,FALSE,Not found
100MEDIA_DSCF0506.JPG,FALSE,Not found
101MEDIA_DSCF0514.JPG,FALSE,Not found
101MEDIA_DSCF0272.JPG,FALSE,Not found
100MEDIA_DSCF0923.JPG,FALSE,Not found
100MEDIA_DSCF0937.JPG,FALSE,Not found
100MEDIA_DSCF0089.JPG,FALSE,Not found
101MEDIA_DSCF0058.JPG,FALSE,Not found
100MEDIA_DSCF0738.JPG,FALSE,Not found
100MEDIA_DSCF0062.JPG,FALSE,Not found
100MEDIA_DSCF0710.JPG,FALSE,Not found
101MEDIA_DSCF0070.JPG,FALSE,Not found
101MEDIA_DSCF0716.JPG,FALSE,Not found
100MEDIA_DSCF0993.JPG,FALSE,Not found
101MEDIA_DSCF0759.JPG,FALSE,Not found
100MEDIA_DSCF0987.JPG,FALSE,Not found
100MEDIA_DSCF0777.JPG,FALSE,Not found
100MEDIA_DSCF0763.JPG,FALSE,Not found
101MEDIA_DSCF0003.JPG,FALSE,Not found
100MEDIA_DSCF0950.JPG,FALSE,Not found
100MEDIA_DSCF0978.JPG,FALSE,Not found
100MEDIA_DSCF0549.JPG,FALSE,Not found
100MEDIA_DSCF0213.JPG,FALSE,Not found
101MEDIA_DSCF0215.JPG,FALSE,Not found
100MEDIA_DSCF0575.JPG,FALSE,Not found
100MEDIA_DSCF0561.JPG,FALSE,Not found
100MEDIA_DSCF0207.JPG,FALSE,Not found
100MEDIA_DSCF0429.JPG,FALSE,Not found
101MEDIA_DSCF0375.JPG,FALSE,Not found
100MEDIA_DSCF0398.JPG,FALSE,Not found
100MEDIA_DSCF0159.JPG,FALSE,Not found
101MEDIA_DSCF0163.JPG,FALSE,Not found
100MEDIA_DSCF0617.JPG,FALSE,Not found
101MEDIA_DSCF0188.JPG,FALSE,Not found
100MEDIA_DSCF0830.JPG,FALSE,Not found
100MEDIA_DSCF0818.JPG,FALSE,Not found
100MEDIA_DSCF0819.JPG,FALSE,Not found
100MEDIA_DSCF0831.JPG,FALSE,Not found
100MEDIA_DSCF0825.JPG,FALSE,Not found
101MEDIA_DSCF0176.JPG,FALSE,Not found
101MEDIA_DSCF0162.JPG,FALSE,Not found
100MEDIA_DSCF0158.JPG,FALSE,Not found
100MEDIA_DSCF0399.JPG,FALSE,Not found
101MEDIA_DSCF0374.JPG,FALSE,Not found
101MEDIA_DSCF0412.JPG,FALSE,Not found
101MEDIA_DSCF0360.JPG,FALSE,Not found
101MEDIA_DSCF0348.JPG,FALSE,Not found
101MEDIA_DSCF0200.JPG,FALSE,Not found
100MEDIA_DSCF0206.JPG,FALSE,Not found
100MEDIA_DSCF0574.JPG,FALSE,Not found
101MEDIA_DSCF0214.JPG,FALSE,Not found
101MEDIA_DSCF0228.JPG,FALSE,Not found
100MEDIA_DSCF0979.JPG,FALSE,Not found
100MEDIA_DSCF0945.JPG,FALSE,Not found
100MEDIA_DSCF0789.JPG,FALSE,Not found
100MEDIA_DSCF0951.JPG,FALSE,Not found
101MEDIA_DSCF0002.JPG,FALSE,Not found
100MEDIA_DSCF0762.JPG,FALSE,Not found
101MEDIA_DSCF0016.JPG,FALSE,Not found
101MEDIA_DSCF0758.JPG,FALSE,Not found
100MEDIA_DSCF0986.JPG,FALSE,Not found
100MEDIA_DSCF0990.JPG,FALSE,Not found
101MEDIA_DSCF0014.JPG,FALSE,Not found
100MEDIA_DSCF0774.JPG,FALSE,Not found
100MEDIA_DSCF0947.JPG,FALSE,Not found
100MEDIA_DSCF0953.JPG,FALSE,Not found
100MEDIA_DSCF0238.JPG,FALSE,Not found
100MEDIA_DSCF0562.JPG,FALSE,Not found
101MEDIA_DSCF0202.JPG,FALSE,Not found
101MEDIA_DSCF0216.JPG,FALSE,Not found
100MEDIA_DSCF0210.JPG,FALSE,Not found
100MEDIA_DSCF0589.JPG,FALSE,Not found
101MEDIA_DSCF0438.JPG,FALSE,Not found
101MEDIA_DSCF0410.JPG,FALSE,Not found
101MEDIA_DSCF0376.JPG,FALSE,Not found
101MEDIA_DSCF0362.JPG,FALSE,Not found
101MEDIA_DSCF0404.JPG,FALSE,Not found
101MEDIA_DSCF0148.JPG,FALSE,Not found
101MEDIA_DSCF0174.JPG,FALSE,Not found
100MEDIA_DSCF0614.JPG,FALSE,Not found
101MEDIA_DSCF0160.JPG,FALSE,Not found
100MEDIA_DSCF0833.JPG,FALSE,Not found
100MEDIA_DSCF0199.JPG,FALSE,Not found
100MEDIA_DSCF0827.JPG,FALSE,Not found
100MEDIA_DSCF0198.JPG,FALSE,Not found
100MEDIA_DSCF0826.JPG,FALSE,Not found
100MEDIA_DSCF0615.JPG,FALSE,Not found
101MEDIA_DSCF0175.JPG,FALSE,Not found
100MEDIA_DSCF0173.JPG,FALSE,Not found
101MEDIA_DSCF0388.JPG,FALSE,Not found
101MEDIA_DSCF0363.JPG,FALSE,Not found
101MEDIA_DSCF0411.JPG,FALSE,Not found
101MEDIA_DSCF0439.JPG,FALSE,Not found
100MEDIA_DSCF0577.JPG,FALSE,Not found
100MEDIA_DSCF0211.JPG,FALSE,Not found
100MEDIA_DSCF0205.JPG,FALSE,Not found
101MEDIA_DSCF0203.JPG,FALSE,Not found
100MEDIA_DSCF0563.JPG,FALSE,Not found
100MEDIA_DSCF0239.JPG,FALSE,Not found
100MEDIA_DSCF0946.JPG,FALSE,Not found
100MEDIA_DSCF0013.JPG,FALSE,Not found
100MEDIA_DSCF0775.JPG,FALSE,Not found
101MEDIA_DSCF0015.JPG,FALSE,Not found
100MEDIA_DSCF0761.JPG,FALSE,Not found
100MEDIA_DSCF0991.JPG,FALSE,Not found
100MEDIA_DSCF0749.JPG,FALSE,Not found
100MEDIA_DSCF0985.JPG,FALSE,Not found
100MEDIA_DSCF0765.JPG,FALSE,Not found
101MEDIA_DSCF0011.JPG,FALSE,Not found
100MEDIA_DSCF0771.JPG,FALSE,Not found
100MEDIA_DSCF0759.JPG,FALSE,Not found
100MEDIA_DSCF0981.JPG,FALSE,Not found
100MEDIA_DSCF0995.JPG,FALSE,Not found
100MEDIA_DSCF0942.JPG,FALSE,Not found
101MEDIA_DSCF0788.JPG,FALSE,Not found
100MEDIA_DSCF0567.JPG,FALSE,Not found
101MEDIA_DSCF0207.JPG,FALSE,Not found
100MEDIA_DSCF0201.JPG,FALSE,Not found
100MEDIA_DSCF0215.JPG,FALSE,Not found
100MEDIA_DSCF0573.JPG,FALSE,Not found
100MEDIA_DSCF0229.JPG,FALSE,Not found
101MEDIA_DSCF0415.JPG,FALSE,Not found
101MEDIA_DSCF0367.JPG,FALSE,Not found
101MEDIA_DSCF0398.JPG,FALSE,Not found
100MEDIA_DSCF0177.JPG,FALSE,Not found
101MEDIA_DSCF0171.JPG,FALSE,Not found
100MEDIA_DSCF0611.JPG,FALSE,Not found
100MEDIA_DSCF0605.JPG,FALSE,Not found
100MEDIA_DSCF0163.JPG,FALSE,Not found
100MEDIA_DSCF0639.JPG,FALSE,Not found
101MEDIA_DSCF0159.JPG,FALSE,Not found
100MEDIA_DSCF0822.JPG,FALSE,Not found
100MEDIA_DSCF0823.JPG,FALSE,Not found
100MEDIA_DSCF0189.JPG,FALSE,Not found
101MEDIA_DSCF0158.JPG,FALSE,Not found
100MEDIA_DSCF0638.JPG,FALSE,Not found
101MEDIA_DSCF0164.JPG,FALSE,Not found
100MEDIA_DSCF0162.JPG,FALSE,Not found
100MEDIA_DSCF0610.JPG,FALSE,Not found
101MEDIA_DSCF0170.JPG,FALSE,Not found
101MEDIA_DSCF0399.JPG,FALSE,Not found
101MEDIA_DSCF0428.JPG,FALSE,Not found
101MEDIA_DSCF0400.JPG,FALSE,Not found
101MEDIA_DSCF0366.JPG,FALSE,Not found
101MEDIA_DSCF0372.JPG,FALSE,Not found
101MEDIA_DSCF0414.JPG,FALSE,Not found
100MEDIA_DSCF0214.JPG,FALSE,Not found
101MEDIA_DSCF0212.JPG,FALSE,Not found
101MEDIA_DSCF0206.JPG,FALSE,Not found
100MEDIA_DSCF0566.JPG,FALSE,Not found
100MEDIA_DSCF0943.JPG,FALSE,Not found
100MEDIA_DSCF0994.JPG,FALSE,Not found
100MEDIA_DSCF0758.JPG,FALSE,Not found
100MEDIA_DSCF0770.JPG,FALSE,Not found
101MEDIA_DSCF0010.JPG,FALSE,Not found
101MEDIA_DSCF0004.JPG,FALSE,Not found
100MEDIA_DSCF0014.JPG,FALSE,Not found
101MEDIA_DSCF0012.JPG,FALSE,Not found
100MEDIA_DSCF0766.JPG,FALSE,Not found
101MEDIA_DSCF0006.JPG,FALSE,Not found
101MEDIA_DSCF0760.JPG,FALSE,Not found
101MEDIA_DSCF0748.JPG,FALSE,Not found
100MEDIA_DSCF0982.JPG,FALSE,Not found
100MEDIA_DSCF0969.JPG,FALSE,Not found
100MEDIA_DSCF0955.JPG,FALSE,Not found
100MEDIA_DSCF0941.JPG,FALSE,Not found
100MEDIA_DSCF0799.JPG,FALSE,Not found
101MEDIA_DSCF0210.JPG,FALSE,Not found
100MEDIA_DSCF0570.JPG,FALSE,Not found
100MEDIA_DSCF0202.JPG,FALSE,Not found
101MEDIA_DSCF0204.JPG,FALSE,Not found
100MEDIA_DSCF0558.JPG,FALSE,Not found
101MEDIA_DSCF0238.JPG,FALSE,Not found
101MEDIA_DSCF0364.JPG,FALSE,Not found
101MEDIA_DSCF0402.JPG,FALSE,Not found
101MEDIA_DSCF0416.JPG,FALSE,Not found
101MEDIA_DSCF0370.JPG,FALSE,Not found
100MEDIA_DSCF0438.JPG,FALSE,Not found
101MEDIA_DSCF0358.JPG,FALSE,Not found
100MEDIA_DSCF0389.JPG,FALSE,Not found
100MEDIA_DSCF0606.JPG,FALSE,Not found
101MEDIA_DSCF0166.JPG,FALSE,Not found
101MEDIA_DSCF0172.JPG,FALSE,Not found
100MEDIA_DSCF0174.JPG,FALSE,Not found
100MEDIA_DSCF0809.JPG,FALSE,Not found
101MEDIA_DSCF0199.JPG,FALSE,Not found
100MEDIA_DSCF0821.JPG,FALSE,Not found
100MEDIA_DSCF0835.JPG,FALSE,Not found
100MEDIA_DSCF0834.JPG,FALSE,Not found
101MEDIA_DSCF0198.JPG,FALSE,Not found
100MEDIA_DSCF0149.JPG,FALSE,Not found
100MEDIA_DSCF0613.JPG,FALSE,Not found
100MEDIA_DSCF0175.JPG,FALSE,Not found
100MEDIA_DSCF0161.JPG,FALSE,Not found
101MEDIA_DSCF0167.JPG,FALSE,Not found
100MEDIA_DSCF0607.JPG,FALSE,Not found
101MEDIA_DSCF0359.JPG,FALSE,Not found
100MEDIA_DSCF0439.JPG,FALSE,Not found
101MEDIA_DSCF0371.JPG,FALSE,Not found
101MEDIA_DSCF0403.JPG,FALSE,Not found
101MEDIA_DSCF0239.JPG,FALSE,Not found
100MEDIA_DSCF0559.JPG,FALSE,Not found
100MEDIA_DSCF0203.JPG,FALSE,Not found
100MEDIA_DSCF0565.JPG,FALSE,Not found
100MEDIA_DSCF0571.JPG,FALSE,Not found
101MEDIA_DSCF0211.JPG,FALSE,Not found
100MEDIA_DSCF0217.JPG,FALSE,Not found
100MEDIA_DSCF0798.JPG,FALSE,Not found
100MEDIA_DSCF0954.JPG,FALSE,Not found
100MEDIA_DSCF0983.JPG,FALSE,Not found
100MEDIA_DSCF0997.JPG,FALSE,Not found
101MEDIA_DSCF0007.JPG,FALSE,Not found
100MEDIA_DSCF0767.JPG,FALSE,Not found
100MEDIA_DSCF0015.JPG,FALSE,Not found
100MEDIA_DSCF0773.JPG,FALSE,Not found
101MEDIA_DSCF0778.JPG,FALSE,Not found
100MEDIA_DSCF0742.JPG,FALSE,Not found
100MEDIA_DSCF0971.JPG,FALSE,Not found
100MEDIA_DSCF0965.JPG,FALSE,Not found
100MEDIA_DSCF0795.JPG,FALSE,Not found
101MEDIA_DSCF0787.JPG,FALSE,Not found
100MEDIA_DSCF0781.JPG,FALSE,Not found
101MEDIA_DSCF0208.JPG,FALSE,Not found
101MEDIA_DSCF0234.JPG,FALSE,Not found
100MEDIA_DSCF0554.JPG,FALSE,Not found
101MEDIA_DSCF0220.JPG,FALSE,Not found
100MEDIA_DSCF0226.JPG,FALSE,Not found
100MEDIA_DSCF0583.JPG,FALSE,Not found
101MEDIA_DSCF0368.JPG,FALSE,Not found
101MEDIA_DSCF0426.JPG,FALSE,Not found
101MEDIA_DSCF0340.JPG,FALSE,Not found
101MEDIA_DSCF0354.JPG,FALSE,Not found
100MEDIA_DSCF0434.JPG,FALSE,Not found
101MEDIA_DSCF0432.JPG,FALSE,Not found
100MEDIA_DSCF0385.JPG,FALSE,Not found
101MEDIA_DSCF0383.JPG,FALSE,Not found
100MEDIA_DSCF0391.JPG,FALSE,Not found
100MEDIA_DSCF0178.JPG,FALSE,Not found
100MEDIA_DSCF0622.JPG,FALSE,Not found
101MEDIA_DSCF0142.JPG,FALSE,Not found
100MEDIA_DSCF0150.JPG,FALSE,Not found
101MEDIA_DSCF0156.JPG,FALSE,Not found
100MEDIA_DSCF0805.JPG,FALSE,Not found
100MEDIA_DSCF0811.JPG,FALSE,Not found
100MEDIA_DSCF0187.JPG,FALSE,Not found
100MEDIA_DSCF0193.JPG,FALSE,Not found
101MEDIA_DSCF0195.JPG,FALSE,Not found
101MEDIA_DSCF0194.JPG,FALSE,Not found
101MEDIA_DSCF0180.JPG,FALSE,Not found
100MEDIA_DSCF0186.JPG,FALSE,Not found
100MEDIA_DSCF0810.JPG,FALSE,Not found
100MEDIA_DSCF0151.JPG,FALSE,Not found
100MEDIA_DSCF0637.JPG,FALSE,Not found
101MEDIA_DSCF0143.JPG,FALSE,Not found
100MEDIA_DSCF0623.JPG,FALSE,Not found
100MEDIA_DSCF0145.JPG,FALSE,Not found
100MEDIA_DSCF0179.JPG,FALSE,Not found
101MEDIA_DSCF0396.JPG,FALSE,Not found
100MEDIA_DSCF0390.JPG,FALSE,Not found
101MEDIA_DSCF0382.JPG,FALSE,Not found
100MEDIA_DSCF0435.JPG,FALSE,Not found
101MEDIA_DSCF0355.JPG,FALSE,Not found
101MEDIA_DSCF0427.JPG,FALSE,Not found
100MEDIA_DSCF0582.JPG,FALSE,Not found
100MEDIA_DSCF0541.JPG,FALSE,Not found
100MEDIA_DSCF0227.JPG,FALSE,Not found
100MEDIA_DSCF0233.JPG,FALSE,Not found
100MEDIA_DSCF0555.JPG,FALSE,Not found
101MEDIA_DSCF0235.JPG,FALSE,Not found
100MEDIA_DSCF0569.JPG,FALSE,Not found
101MEDIA_DSCF0786.JPG,FALSE,Not found
100MEDIA_DSCF0794.JPG,FALSE,Not found
101MEDIA_DSCF0792.JPG,FALSE,Not found
100MEDIA_DSCF0970.JPG,FALSE,Not found
100MEDIA_DSCF0025.JPG,FALSE,Not found
100MEDIA_DSCF0743.JPG,FALSE,Not found
100MEDIA_DSCF0757.JPG,FALSE,Not found
101MEDIA_DSCF0779.JPG,FALSE,Not found
100MEDIA_DSCF0769.JPG,FALSE,Not found
100MEDIA_DSCF0741.JPG,FALSE,Not found
100MEDIA_DSCF0999.JPG,FALSE,Not found
101MEDIA_DSCF0747.JPG,FALSE,Not found
100MEDIA_DSCF0027.JPG,FALSE,Not found
100MEDIA_DSCF0033.JPG,FALSE,Not found
100MEDIA_DSCF0755.JPG,FALSE,Not found
100MEDIA_DSCF0966.JPG,FALSE,Not found
100MEDIA_DSCF0782.JPG,FALSE,Not found
101MEDIA_DSCF0784.JPG,FALSE,Not found
101MEDIA_DSCF0790.JPG,FALSE,Not found
100MEDIA_DSCF0219.JPG,FALSE,Not found
100MEDIA_DSCF0225.JPG,FALSE,Not found
100MEDIA_DSCF0543.JPG,FALSE,Not found
101MEDIA_DSCF0223.JPG,FALSE,Not found
100MEDIA_DSCF0557.JPG,FALSE,Not found
100MEDIA_DSCF0231.JPG,FALSE,Not found
100MEDIA_DSCF0594.JPG,FALSE,Not found
101MEDIA_DSCF0419.JPG,FALSE,Not found
101MEDIA_DSCF0431.JPG,FALSE,Not found
100MEDIA_DSCF0437.JPG,FALSE,Not found
101MEDIA_DSCF0343.JPG,FALSE,Not found
101MEDIA_DSCF0394.JPG,FALSE,Not found
101MEDIA_DSCF0380.JPG,FALSE,Not found
100MEDIA_DSCF0386.JPG,FALSE,Not found
100MEDIA_DSCF0609.JPG,FALSE,Not found
101MEDIA_DSCF0155.JPG,FALSE,Not found
100MEDIA_DSCF0153.JPG,FALSE,Not found
100MEDIA_DSCF0147.JPG,FALSE,Not found
100MEDIA_DSCF0621.JPG,FALSE,Not found
100MEDIA_DSCF0806.JPG,FALSE,Not found
101MEDIA_DSCF0196.JPG,FALSE,Not found
100MEDIA_DSCF0190.JPG,FALSE,Not found
101MEDIA_DSCF0182.JPG,FALSE,Not found
100MEDIA_DSCF0185.JPG,FALSE,Not found
101MEDIA_DSCF0183.JPG,FALSE,Not found
100MEDIA_DSCF0191.JPG,FALSE,Not found
100MEDIA_DSCF0807.JPG,FALSE,Not found
100MEDIA_DSCF0813.JPG,FALSE,Not found
100MEDIA_DSCF0146.JPG,FALSE,Not found
101MEDIA_DSCF0140.JPG,FALSE,Not found
101MEDIA_DSCF0154.JPG,FALSE,Not found
101MEDIA_DSCF0168.JPG,FALSE,Not found
100MEDIA_DSCF0387.JPG,FALSE,Not found
100MEDIA_DSCF0393.JPG,FALSE,Not found
101MEDIA_DSCF0395.JPG,FALSE,Not found
101MEDIA_DSCF0342.JPG,FALSE,Not found
101MEDIA_DSCF0430.JPG,FALSE,Not found
101MEDIA_DSCF0356.JPG,FALSE,Not found
101MEDIA_DSCF0418.JPG,FALSE,Not found
100MEDIA_DSCF0595.JPG,FALSE,Not found
100MEDIA_DSCF0581.JPG,FALSE,Not found
101MEDIA_DSCF0236.JPG,FALSE,Not found
100MEDIA_DSCF0230.JPG,FALSE,Not found
101MEDIA_DSCF0544.JPG,FALSE,Not found
101MEDIA_DSCF0222.JPG,FALSE,Not found
100MEDIA_DSCF0542.JPG,FALSE,Not found
100MEDIA_DSCF0218.JPG,FALSE,Not found
101MEDIA_DSCF0791.JPG,FALSE,Not found
100MEDIA_DSCF0797.JPG,FALSE,Not found
100MEDIA_DSCF0783.JPG,FALSE,Not found
100MEDIA_DSCF0973.JPG,FALSE,Not found
100MEDIA_DSCF0967.JPG,FALSE,Not found
100MEDIA_DSCF0754.JPG,FALSE,Not found
100MEDIA_DSCF0998.JPG,FALSE,Not found
101MEDIA_DSCF0020.JPG,FALSE,Not found
100MEDIA_DSCF0026.JPG,FALSE,Not found
101MEDIA_DSCF0746.JPG,FALSE,Not found
101MEDIA_DSCF0008.JPG,FALSE,Not found
100MEDIA_DSCF0022.JPG,FALSE,Not found
100MEDIA_DSCF0750.JPG,FALSE,Not found
100MEDIA_DSCF0778.JPG,FALSE,Not found
101MEDIA_DSCF0018.JPG,FALSE,Not found
100MEDIA_DSCF0787.JPG,FALSE,Not found
100MEDIA_DSCF0793.JPG,FALSE,Not found
100MEDIA_DSCF0963.JPG,FALSE,Not found
100MEDIA_DSCF0977.JPG,FALSE,Not found
100MEDIA_DSCF0546.JPG,FALSE,Not found
101MEDIA_DSCF0226.JPG,FALSE,Not found
100MEDIA_DSCF0234.JPG,FALSE,Not found
101MEDIA_DSCF0232.JPG,FALSE,Not found
100MEDIA_DSCF0585.JPG,FALSE,Not found
100MEDIA_DSCF0591.JPG,FALSE,Not found
101MEDIA_DSCF0352.JPG,FALSE,Not found
101MEDIA_DSCF0434.JPG,FALSE,Not found
101MEDIA_DSCF0420.JPG,FALSE,Not found
100MEDIA_DSCF0426.JPG,FALSE,Not found
101MEDIA_DSCF0346.JPG,FALSE,Not found
100MEDIA_DSCF0397.JPG,FALSE,Not found
101MEDIA_DSCF0150.JPG,FALSE,Not found
101MEDIA_DSCF0144.JPG,FALSE,Not found
100MEDIA_DSCF0142.JPG,FALSE,Not found
100MEDIA_DSCF0618.JPG,FALSE,Not found
101MEDIA_DSCF0178.JPG,FALSE,Not found
100MEDIA_DSCF0195.JPG,FALSE,Not found
101MEDIA_DSCF0187.JPG,FALSE,Not found
100MEDIA_DSCF0817.JPG,FALSE,Not found
100MEDIA_DSCF0803.JPG,FALSE,Not found
100MEDIA_DSCF0802.JPG,FALSE,Not found
101MEDIA_DSCF0186.JPG,FALSE,Not found
100MEDIA_DSCF0194.JPG,FALSE,Not found
101MEDIA_DSCF0192.JPG,FALSE,Not found
101MEDIA_DSCF0179.JPG,FALSE,Not found
100MEDIA_DSCF0619.JPG,FALSE,Not found
100MEDIA_DSCF0625.JPG,FALSE,Not found
100MEDIA_DSCF0143.JPG,FALSE,Not found
100MEDIA_DSCF0157.JPG,FALSE,Not found
101MEDIA_DSCF0151.JPG,FALSE,Not found
101MEDIA_DSCF0384.JPG,FALSE,Not found
101MEDIA_DSCF0347.JPG,FALSE,Not found
100MEDIA_DSCF0427.JPG,FALSE,Not found
100MEDIA_DSCF0433.JPG,FALSE,Not found
101MEDIA_DSCF0435.JPG,FALSE,Not found
100MEDIA_DSCF0590.JPG,FALSE,Not found
100MEDIA_DSCF0209.JPG,FALSE,Not found
100MEDIA_DSCF0235.JPG,FALSE,Not found
100MEDIA_DSCF0553.JPG,FALSE,Not found
101MEDIA_DSCF0227.JPG,FALSE,Not found
100MEDIA_DSCF0547.JPG,FALSE,Not found
100MEDIA_DSCF0221.JPG,FALSE,Not found
100MEDIA_DSCF0962.JPG,FALSE,Not found
101MEDIA_DSCF0780.JPG,FALSE,Not found
100MEDIA_DSCF0786.JPG,FALSE,Not found
101MEDIA_DSCF0019.JPG,FALSE,Not found
100MEDIA_DSCF0779.JPG,FALSE,Not found
100MEDIA_DSCF0989.JPG,FALSE,Not found
100MEDIA_DSCF0751.JPG,FALSE,Not found
100MEDIA_DSCF0023.JPG,FALSE,Not found
100MEDIA_DSCF0745.JPG,FALSE,Not found
100MEDIA_DSCF0035.JPG,FALSE,Not found
100MEDIA_DSCF0753.JPG,FALSE,Not found
100MEDIA_DSCF0747.JPG,FALSE,Not found
100MEDIA_DSCF0021.JPG,FALSE,Not found
100MEDIA_DSCF0790.JPG,FALSE,Not found
101MEDIA_DSCF0782.JPG,FALSE,Not found
100MEDIA_DSCF0974.JPG,FALSE,Not found
101MEDIA_DSCF0231.JPG,FALSE,Not found
100MEDIA_DSCF0551.JPG,FALSE,Not found
100MEDIA_DSCF0237.JPG,FALSE,Not found
101MEDIA_DSCF0543.JPG,FALSE,Not found
100MEDIA_DSCF0223.JPG,FALSE,Not found
100MEDIA_DSCF0545.JPG,FALSE,Not found
100MEDIA_DSCF0579.JPG,FALSE,Not found
101MEDIA_DSCF0219.JPG,FALSE,Not found
100MEDIA_DSCF0586.JPG,FALSE,Not found
100MEDIA_DSCF0425.JPG,FALSE,Not found
101MEDIA_DSCF0351.JPG,FALSE,Not found
100MEDIA_DSCF0431.JPG,FALSE,Not found
101MEDIA_DSCF0379.JPG,FALSE,Not found
101MEDIA_DSCF0386.JPG,FALSE,Not found
100MEDIA_DSCF0394.JPG,FALSE,Not found
100MEDIA_DSCF0141.JPG,FALSE,Not found
100MEDIA_DSCF0627.JPG,FALSE,Not found
101MEDIA_DSCF0147.JPG,FALSE,Not found
100MEDIA_DSCF0155.JPG,FALSE,Not found
101MEDIA_DSCF0184.JPG,FALSE,Not found
101MEDIA_DSCF0190.JPG,FALSE,Not found
100MEDIA_DSCF0814.JPG,FALSE,Not found
100MEDIA_DSCF0815.JPG,FALSE,Not found
100MEDIA_DSCF0801.JPG,FALSE,Not found
100MEDIA_DSCF0829.JPG,FALSE,Not found
101MEDIA_DSCF0191.JPG,FALSE,Not found
100MEDIA_DSCF0197.JPG,FALSE,Not found
101MEDIA_DSCF0152.JPG,FALSE,Not found
100MEDIA_DSCF0154.JPG,FALSE,Not found
101MEDIA_DSCF0146.JPG,FALSE,Not found
100MEDIA_DSCF0626.JPG,FALSE,Not found
100MEDIA_DSCF0395.JPG,FALSE,Not found
101MEDIA_DSCF0387.JPG,FALSE,Not found
101MEDIA_DSCF0378.JPG,FALSE,Not found
101MEDIA_DSCF0436.JPG,FALSE,Not found
100MEDIA_DSCF0430.JPG,FALSE,Not found
101MEDIA_DSCF0350.JPG,FALSE,Not found
101MEDIA_DSCF0344.JPG,FALSE,Not found
100MEDIA_DSCF0587.JPG,FALSE,Not found
100MEDIA_DSCF0593.JPG,FALSE,Not found
101MEDIA_DSCF0218.JPG,FALSE,Not found
100MEDIA_DSCF0578.JPG,FALSE,Not found
100MEDIA_DSCF0222.JPG,FALSE,Not found
101MEDIA_DSCF0542.JPG,FALSE,Not found
101MEDIA_DSCF0224.JPG,FALSE,Not found
100MEDIA_DSCF0550.JPG,FALSE,Not found
101MEDIA_DSCF0230.JPG,FALSE,Not found
100MEDIA_DSCF0961.JPG,FALSE,Not found
100MEDIA_DSCF0975.JPG,FALSE,Not found
100MEDIA_DSCF0785.JPG,FALSE,Not found
101MEDIA_DSCF0783.JPG,FALSE,Not found
100MEDIA_DSCF0791.JPG,FALSE,Not found
100MEDIA_DSCF0949.JPG,FALSE,Not found
100MEDIA_DSCF0746.JPG,FALSE,Not found
100MEDIA_DSCF0034.JPG,FALSE,Not found
100MEDIA_DSCF0709.JPG,FALSE,Not found
100MEDIA_DSCF0053.JPG,FALSE,Not found
101MEDIA_DSCF0055.JPG,FALSE,Not found
100MEDIA_DSCF0735.JPG,FALSE,Not found
100MEDIA_DSCF0721.JPG,FALSE,Not found
101MEDIA_DSCF0727.JPG,FALSE,Not found
100MEDIA_DSCF0047.JPG,FALSE,Not found
100MEDIA_DSCF0906.JPG,FALSE,Not found
100MEDIA_DSCF0090.JPG,FALSE,Not found
101MEDIA_DSCF0096.JPG,FALSE,Not found
101MEDIA_DSCF0082.JPG,FALSE,Not found
101MEDIA_DSCF0519.JPG,FALSE,Not found
100MEDIA_DSCF0537.JPG,FALSE,Not found
100MEDIA_DSCF0251.JPG,FALSE,Not found
101MEDIA_DSCF0531.JPG,FALSE,Not found
100MEDIA_DSCF0245.JPG,FALSE,Not found
100MEDIA_DSCF0523.JPG,FALSE,Not found
101MEDIA_DSCF0243.JPG,FALSE,Not found
101MEDIA_DSCF0294.JPG,FALSE,Not found
101MEDIA_DSCF0280.JPG,FALSE,Not found
101MEDIA_DSCF0479.JPG,FALSE,Not found
100MEDIA_DSCF0443.JPG,FALSE,Not found
101MEDIA_DSCF0323.JPG,FALSE,Not found
101MEDIA_DSCF0451.JPG,FALSE,Not found
100MEDIA_DSCF0457.JPG,FALSE,Not found
101MEDIA_DSCF0486.JPG,FALSE,Not found
101MEDIA_DSCF0492.JPG,FALSE,Not found
100MEDIA_DSCF0494.JPG,FALSE,Not found
100MEDIA_DSCF0669.JPG,FALSE,Not found
100MEDIA_DSCF0127.JPG,FALSE,Not found
100MEDIA_DSCF0899.JPG,FALSE,Not found
101MEDIA_DSCF0135.JPG,FALSE,Not found
100MEDIA_DSCF0655.JPG,FALSE,Not found
100MEDIA_DSCF0133.JPG,FALSE,Not found
101MEDIA_DSCF0684.JPG,FALSE,Not found
100MEDIA_DSCF0682.JPG,FALSE,Not found
101MEDIA_DSCF0690.JPG,FALSE,Not found
100MEDIA_DSCF0697.JPG,FALSE,Not found
101MEDIA_DSCF0691.JPG,FALSE,Not found
100MEDIA_DSCF0683.JPG,FALSE,Not found
100MEDIA_DSCF0654.JPG,FALSE,Not found
101MEDIA_DSCF0134.JPG,FALSE,Not found
100MEDIA_DSCF0126.JPG,FALSE,Not found
101MEDIA_DSCF0120.JPG,FALSE,Not found
100MEDIA_DSCF0898.JPG,FALSE,Not found
101MEDIA_DSCF0108.JPG,FALSE,Not found
100MEDIA_DSCF0495.JPG,FALSE,Not found
100MEDIA_DSCF0481.JPG,FALSE,Not found
101MEDIA_DSCF0487.JPG,FALSE,Not found
101MEDIA_DSCF0450.JPG,FALSE,Not found
101MEDIA_DSCF0322.JPG,FALSE,Not found
100MEDIA_DSCF0442.JPG,FALSE,Not found
101MEDIA_DSCF0444.JPG,FALSE,Not found
101MEDIA_DSCF0478.JPG,FALSE,Not found
101MEDIA_DSCF0295.JPG,FALSE,Not found
101MEDIA_DSCF0524.JPG,FALSE,Not found
101MEDIA_DSCF0242.JPG,FALSE,Not found
100MEDIA_DSCF0522.JPG,FALSE,Not found
101MEDIA_DSCF0256.JPG,FALSE,Not found
101MEDIA_DSCF0530.JPG,FALSE,Not found
100MEDIA_DSCF0250.JPG,FALSE,Not found
101MEDIA_DSCF0518.JPG,FALSE,Not found
101MEDIA_DSCF0083.JPG,FALSE,Not found
100MEDIA_DSCF0085.JPG,FALSE,Not found
100MEDIA_DSCF0091.JPG,FALSE,Not found
100MEDIA_DSCF0907.JPG,FALSE,Not found
100MEDIA_DSCF0913.JPG,FALSE,Not found
100MEDIA_DSCF0046.JPG,FALSE,Not found
101MEDIA_DSCF0726.JPG,FALSE,Not found
101MEDIA_DSCF0732.JPG,FALSE,Not found
100MEDIA_DSCF0734.JPG,FALSE,Not found
101MEDIA_DSCF0054.JPG,FALSE,Not found
101MEDIA_DSCF0718.JPG,FALSE,Not found
100MEDIA_DSCF0078.JPG,FALSE,Not found
101MEDIA_DSCF0724.JPG,FALSE,Not found
100MEDIA_DSCF0722.JPG,FALSE,Not found
101MEDIA_DSCF0042.JPG,FALSE,Not found
101MEDIA_DSCF0056.JPG,FALSE,Not found
100MEDIA_DSCF0050.JPG,FALSE,Not found
101MEDIA_DSCF0730.JPG,FALSE,Not found
100MEDIA_DSCF0905.JPG,FALSE,Not found
100MEDIA_DSCF0911.JPG,FALSE,Not found
100MEDIA_DSCF0087.JPG,FALSE,Not found
100MEDIA_DSCF0939.JPG,FALSE,Not found
101MEDIA_DSCF0095.JPG,FALSE,Not found
100MEDIA_DSCF0093.JPG,FALSE,Not found
101MEDIA_DSCF0268.JPG,FALSE,Not found
101MEDIA_DSCF0240.JPG,FALSE,Not found
101MEDIA_DSCF0526.JPG,FALSE,Not found
100MEDIA_DSCF0246.JPG,FALSE,Not found
101MEDIA_DSCF0532.JPG,FALSE,Not found
101MEDIA_DSCF0254.JPG,FALSE,Not found
100MEDIA_DSCF0534.JPG,FALSE,Not found
101MEDIA_DSCF0283.JPG,FALSE,Not found
101MEDIA_DSCF0308.JPG,FALSE,Not found
100MEDIA_DSCF0454.JPG,FALSE,Not found
101MEDIA_DSCF0452.JPG,FALSE,Not found
101MEDIA_DSCF0446.JPG,FALSE,Not found
101MEDIA_DSCF0320.JPG,FALSE,Not found
100MEDIA_DSCF0497.JPG,FALSE,Not found
101MEDIA_DSCF0491.JPG,FALSE,Not found
100MEDIA_DSCF0483.JPG,FALSE,Not found
100MEDIA_DSCF0118.JPG,FALSE,Not found
100MEDIA_DSCF0130.JPG,FALSE,Not found
101MEDIA_DSCF0136.JPG,FALSE,Not found
101MEDIA_DSCF0122.JPG,FALSE,Not found
100MEDIA_DSCF0695.JPG,FALSE,Not found
100MEDIA_DSCF0681.JPG,FALSE,Not found
101MEDIA_DSCF0692.JPG,FALSE,Not found
100MEDIA_DSCF0694.JPG,FALSE,Not found
101MEDIA_DSCF0123.JPG,FALSE,Not found
100MEDIA_DSCF0125.JPG,FALSE,Not found
100MEDIA_DSCF0131.JPG,FALSE,Not found
100MEDIA_DSCF0657.JPG,FALSE,Not found
100MEDIA_DSCF0119.JPG,FALSE,Not found
101MEDIA_DSCF0484.JPG,FALSE,Not found
100MEDIA_DSCF0482.JPG,FALSE,Not found
101MEDIA_DSCF0490.JPG,FALSE,Not found
101MEDIA_DSCF0447.JPG,FALSE,Not found
100MEDIA_DSCF0441.JPG,FALSE,Not found
100MEDIA_DSCF0455.JPG,FALSE,Not found
100MEDIA_DSCF0469.JPG,FALSE,Not found
101MEDIA_DSCF0296.JPG,FALSE,Not found
101MEDIA_DSCF0282.JPG,FALSE,Not found
100MEDIA_DSCF0535.JPG,FALSE,Not found
101MEDIA_DSCF0255.JPG,FALSE,Not found
100MEDIA_DSCF0521.JPG,FALSE,Not found
100MEDIA_DSCF0247.JPG,FALSE,Not found
101MEDIA_DSCF0527.JPG,FALSE,Not found
100MEDIA_DSCF0509.JPG,FALSE,Not found
101MEDIA_DSCF0094.JPG,FALSE,Not found
100MEDIA_DSCF0086.JPG,FALSE,Not found
101MEDIA_DSCF0080.JPG,FALSE,Not found
100MEDIA_DSCF0938.JPG,FALSE,Not found
100MEDIA_DSCF0910.JPG,FALSE,Not found
100MEDIA_DSCF0737.JPG,FALSE,Not found
101MEDIA_DSCF0731.JPG,FALSE,Not found
100MEDIA_DSCF0051.JPG,FALSE,Not found
100MEDIA_DSCF0045.JPG,FALSE,Not found
101MEDIA_DSCF0043.JPG,FALSE,Not found
100MEDIA_DSCF0723.JPG,FALSE,Not found
100MEDIA_DSCF0079.JPG,FALSE,Not found
101MEDIA_DSCF0719.JPG,FALSE,Not found
100MEDIA_DSCF0727.JPG,FALSE,Not found
101MEDIA_DSCF0047.JPG,FALSE,Not found
100MEDIA_DSCF0041.JPG,FALSE,Not found
100MEDIA_DSCF0055.JPG,FALSE,Not found
101MEDIA_DSCF0735.JPG,FALSE,Not found
100MEDIA_DSCF0733.JPG,FALSE,Not found
100MEDIA_DSCF0069.JPG,FALSE,Not found
101MEDIA_DSCF0084.JPG,FALSE,Not found
100MEDIA_DSCF0082.JPG,FALSE,Not found
101MEDIA_DSCF0090.JPG,FALSE,Not found
100MEDIA_DSCF0914.JPG,FALSE,Not found
101MEDIA_DSCF0523.JPG,FALSE,Not found
100MEDIA_DSCF0243.JPG,FALSE,Not found
100MEDIA_DSCF0525.JPG,FALSE,Not found
101MEDIA_DSCF0251.JPG,FALSE,Not found
100MEDIA_DSCF0531.JPG,FALSE,Not found
100MEDIA_DSCF0257.JPG,FALSE,Not found
100MEDIA_DSCF0519.JPG,FALSE,Not found
101MEDIA_DSCF0279.JPG,FALSE,Not found
101MEDIA_DSCF0286.JPG,FALSE,Not found
101MEDIA_DSCF0292.JPG,FALSE,Not found
101MEDIA_DSCF0331.JPG,FALSE,Not found
100MEDIA_DSCF0451.JPG,FALSE,Not found
100MEDIA_DSCF0445.JPG,FALSE,Not found
101MEDIA_DSCF0443.JPG,FALSE,Not found
100MEDIA_DSCF0479.JPG,FALSE,Not found
101MEDIA_DSCF0319.JPG,FALSE,Not found
101MEDIA_DSCF0494.JPG,FALSE,Not found
100MEDIA_DSCF0486.JPG,FALSE,Not found
101MEDIA_DSCF0480.JPG,FALSE,Not found
100MEDIA_DSCF0653.JPG,FALSE,Not found
100MEDIA_DSCF0135.JPG,FALSE,Not found
100MEDIA_DSCF0121.JPG,FALSE,Not found
100MEDIA_DSCF0647.JPG,FALSE,Not found
101MEDIA_DSCF0127.JPG,FALSE,Not found
100MEDIA_DSCF0109.JPG,FALSE,Not found
100MEDIA_DSCF0690.JPG,FALSE,Not found
101MEDIA_DSCF0696.JPG,FALSE,Not found
101MEDIA_DSCF0682.JPG,FALSE,Not found
101MEDIA_DSCF0683.JPG,FALSE,Not found
100MEDIA_DSCF0685.JPG,FALSE,Not found
100MEDIA_DSCF0849.JPG,FALSE,Not found
100MEDIA_DSCF0691.JPG,FALSE,Not found
101MEDIA_DSCF0126.JPG,FALSE,Not found
100MEDIA_DSCF0646.JPG,FALSE,Not found
100MEDIA_DSCF0134.JPG,FALSE,Not found
100MEDIA_DSCF0487.JPG,FALSE,Not found
101MEDIA_DSCF0495.JPG,FALSE,Not found
100MEDIA_DSCF0493.JPG,FALSE,Not found
101MEDIA_DSCF0318.JPG,FALSE,Not found
100MEDIA_DSCF0478.JPG,FALSE,Not found
101MEDIA_DSCF0324.JPG,FALSE,Not found
101MEDIA_DSCF0442.JPG,FALSE,Not found
101MEDIA_DSCF0456.JPG,FALSE,Not found
100MEDIA_DSCF0450.JPG,FALSE,Not found
101MEDIA_DSCF0330.JPG,FALSE,Not found
101MEDIA_DSCF0287.JPG,FALSE,Not found
101MEDIA_DSCF0278.JPG,FALSE,Not found
100MEDIA_DSCF0518.JPG,FALSE,Not found
100MEDIA_DSCF0530.JPG,FALSE,Not found
101MEDIA_DSCF0250.JPG,FALSE,Not found
101MEDIA_DSCF0536.JPG,FALSE,Not found
100MEDIA_DSCF0242.JPG,FALSE,Not found
101MEDIA_DSCF0522.JPG,FALSE,Not found
101MEDIA_DSCF0244.JPG,FALSE,Not found
100MEDIA_DSCF0915.JPG,FALSE,Not found
100MEDIA_DSCF0901.JPG,FALSE,Not found
100MEDIA_DSCF0097.JPG,FALSE,Not found
101MEDIA_DSCF0091.JPG,FALSE,Not found
100MEDIA_DSCF0929.JPG,FALSE,Not found
100MEDIA_DSCF0083.JPG,FALSE,Not found
101MEDIA_DSCF0708.JPG,FALSE,Not found
101MEDIA_DSCF0734.JPG,FALSE,Not found
100MEDIA_DSCF0054.JPG,FALSE,Not found
101MEDIA_DSCF0052.JPG,FALSE,Not found
101MEDIA_DSCF0046.JPG,FALSE,Not found
100MEDIA_DSCF0726.JPG,FALSE,Not found
101MEDIA_DSCF0720.JPG,FALSE,Not found
101MEDIA_DSCF0050.JPG,FALSE,Not found
100MEDIA_DSCF0730.JPG,FALSE,Not found
101MEDIA_DSCF0736.JPG,FALSE,Not found
101MEDIA_DSCF0722.JPG,FALSE,Not found
100MEDIA_DSCF0042.JPG,FALSE,Not found
101MEDIA_DSCF0044.JPG,FALSE,Not found
100MEDIA_DSCF0718.JPG,FALSE,Not found
101MEDIA_DSCF0078.JPG,FALSE,Not found
100MEDIA_DSCF0095.JPG,FALSE,Not found
100MEDIA_DSCF0081.JPG,FALSE,Not found
101MEDIA_DSCF0087.JPG,FALSE,Not found
100MEDIA_DSCF0917.JPG,FALSE,Not found
100MEDIA_DSCF0903.JPG,FALSE,Not found
101MEDIA_DSCF0534.JPG,FALSE,Not found
101MEDIA_DSCF0252.JPG,FALSE,Not found
100MEDIA_DSCF0526.JPG,FALSE,Not found
101MEDIA_DSCF0246.JPG,FALSE,Not found
101MEDIA_DSCF0520.JPG,FALSE,Not found
101MEDIA_DSCF0291.JPG,FALSE,Not found
101MEDIA_DSCF0440.JPG,FALSE,Not found
100MEDIA_DSCF0446.JPG,FALSE,Not found
101MEDIA_DSCF0326.JPG,FALSE,Not found
101MEDIA_DSCF0332.JPG,FALSE,Not found
101MEDIA_DSCF0454.JPG,FALSE,Not found
101MEDIA_DSCF0468.JPG,FALSE,Not found
101MEDIA_DSCF0483.JPG,FALSE,Not found
100MEDIA_DSCF0485.JPG,FALSE,Not found
100MEDIA_DSCF0491.JPG,FALSE,Not found
101MEDIA_DSCF0124.JPG,FALSE,Not found
100MEDIA_DSCF0122.JPG,FALSE,Not found
100MEDIA_DSCF0650.JPG,FALSE,Not found
100MEDIA_DSCF0678.JPG,FALSE,Not found
101MEDIA_DSCF0118.JPG,FALSE,Not found
100MEDIA_DSCF0687.JPG,FALSE,Not found
101MEDIA_DSCF0695.JPG,FALSE,Not found
100MEDIA_DSCF0693.JPG,FALSE,Not found
101MEDIA_DSCF0694.JPG,FALSE,Not found
100MEDIA_DSCF0686.JPG,FALSE,Not found
101MEDIA_DSCF0119.JPG,FALSE,Not found
100MEDIA_DSCF0679.JPG,FALSE,Not found
100MEDIA_DSCF0137.JPG,FALSE,Not found
100MEDIA_DSCF0651.JPG,FALSE,Not found
100MEDIA_DSCF0645.JPG,FALSE,Not found
100MEDIA_DSCF0123.JPG,FALSE,Not found
100MEDIA_DSCF0490.JPG,FALSE,Not found
101MEDIA_DSCF0496.JPG,FALSE,Not found
101MEDIA_DSCF0482.JPG,FALSE,Not found
100MEDIA_DSCF0453.JPG,FALSE,Not found
101MEDIA_DSCF0455.JPG,FALSE,Not found
101MEDIA_DSCF0327.JPG,FALSE,Not found
100MEDIA_DSCF0447.JPG,FALSE,Not found
101MEDIA_DSCF0284.JPG,FALSE,Not found
101MEDIA_DSCF0290.JPG,FALSE,Not found
101MEDIA_DSCF0247.JPG,FALSE,Not found
100MEDIA_DSCF0527.JPG,FALSE,Not found
100MEDIA_DSCF0241.JPG,FALSE,Not found
101MEDIA_DSCF0535.JPG,FALSE,Not found
100MEDIA_DSCF0533.JPG,FALSE,Not found
100MEDIA_DSCF0902.JPG,FALSE,Not found
101MEDIA_DSCF0086.JPG,FALSE,Not found
101MEDIA_DSCF0092.JPG,FALSE,Not found
100MEDIA_DSCF0094.JPG,FALSE,Not found
101MEDIA_DSCF0079.JPG,FALSE,Not found
100MEDIA_DSCF0719.JPG,FALSE,Not found
100MEDIA_DSCF0043.JPG,FALSE,Not found
101MEDIA_DSCF0723.JPG,FALSE,Not found
100MEDIA_DSCF0725.JPG,FALSE,Not found
100MEDIA_DSCF0731.JPG,FALSE,Not found
101MEDIA_DSCF0051.JPG,FALSE,Not found
100MEDIA_DSCF0057.JPG,FALSE,Not found
101MEDIA_DSCF0039.JPG,FALSE,Not found
101MEDIA_DSCF0038.JPG,FALSE,Not found
101MEDIA_DSCF0040.JPG,FALSE,Not found
101MEDIA_DSCF0498.JPG,FALSE,Not found
101MEDIA_DSCF0499.JPG,FALSE,Not found
101MEDIA_DSCF0500.JPG,FALSE,Not found
100MEDIA_DSCF0039.JPG,FALSE,Not found
100MEDIA_DSCF0038.JPG,FALSE,Not found
101MEDIA_DSCF0588.JPG,FALSE,Not found
101MEDIA_DSCF0584.JPG,FALSE,Not found
101MEDIA_DSCF0586.JPG,FALSE,Not found
101MEDIA_DSCF0587.JPG,FALSE,Not found
101MEDIA_DSCF0583.JPG,FALSE,Not found
101MEDIA_DSCF0582.JPG,FALSE,Not found
100MEDIA_DSCF0037.JPG,FALSE,Not found
101MEDIA_DSCF0336.JPG,FALSE,Not found
101MEDIA_DSCF0334.JPG,FALSE,Not found
101MEDIA_DSCF0335.JPG,FALSE,Not found
100MEDIA_DSCF0253.JPG,FALSE,Not found
100MEDIA_DSCF0254.JPG,FALSE,Not found
100MEDIA_DSCF0255.JPG,FALSE,Not found
100MEDIA_DSCF0890.JPG,TRUE,Not found
100MEDIA_DSCF0847.JPG,TRUE,Not found
100MEDIA_DSCF0853.JPG,TRUE,Not found
100MEDIA_DSCF0846.JPG,TRUE,Not found
100MEDIA_DSCF0891.JPG,TRUE,Not found
100MEDIA_DSCF0885.JPG,TRUE,Not found
100MEDIA_DSCF0887.JPG,TRUE,Not found
100MEDIA_DSCF0878.JPG,TRUE,Not found
100MEDIA_DSCF0879.JPG,TRUE,Not found
100MEDIA_DSCF0845.JPG,TRUE,Not found
100MEDIA_DSCF0886.JPG,TRUE,Not found
100MEDIA_DSCF0882.JPG,TRUE,Not found
100MEDIA_DSCF0869.JPG,TRUE,Not found
100MEDIA_DSCF0855.JPG,TRUE,Not found
100MEDIA_DSCF0841.JPG,TRUE,Not found
100MEDIA_DSCF0854.JPG,TRUE,Not found
100MEDIA_DSCF0883.JPG,TRUE,Not found
100MEDIA_DSCF0881.JPG,TRUE,Not found
100MEDIA_DSCF0842.JPG,TRUE,Not found
100MEDIA_DSCF0857.JPG,TRUE,Not found
100MEDIA_DSCF0843.JPG,TRUE,Not found
100MEDIA_DSCF0011.JPG,TRUE,Not found
100MEDIA_DSCF0005.JPG,TRUE,Not found
100MEDIA_DSCF0010.JPG,TRUE,Not found
100MEDIA_DSCF0006.JPG,TRUE,Not found
100MEDIA_DSCF0629.JPG,TRUE,Not found
100MEDIA_DSCF0007.JPG,TRUE,Not found
100MEDIA_DSCF0003.JPG,TRUE,Not found
100MEDIA_DSCF0837.JPG,TRUE,Not found
100MEDIA_DSCF0002.JPG,TRUE,Not found
100MEDIA_DSCF0001.JPG,TRUE,Not found
100MEDIA_DSCF0839.JPG,TRUE,Not found
100MEDIA_DSCF0838.JPG,TRUE,Not found
101MEDIA_DSCF0816.JPG,TRUE,Not found
100MEDIA_DSCF0635.JPG,TRUE,Not found
101MEDIA_DSCF0814.JPG,TRUE,Not found
101MEDIA_DSCF0815.JPG,TRUE,Not found
100MEDIA_DSCF0634.JPG,TRUE,Not found
100MEDIA_DSCF0630.JPG,TRUE,Not found
101MEDIA_DSCF0811.JPG,TRUE,Not found
101MEDIA_DSCF0810.JPG,TRUE,Not found
100MEDIA_DSCF0631.JPG,TRUE,Not found
100MEDIA_DSCF0009.JPG,TRUE,Not found
100MEDIA_DSCF0633.JPG,TRUE,Not found
101MEDIA_DSCF0812.JPG,TRUE,Not found
100MEDIA_DSCF0866.JPG,TRUE,Not found
100MEDIA_DSCF0873.JPG,TRUE,Not found
100MEDIA_DSCF0867.JPG,TRUE,Not found
100MEDIA_DSCF0871.JPG,TRUE,Not found
100MEDIA_DSCF0865.JPG,TRUE,Not found
100MEDIA_DSCF0859.JPG,TRUE,Not found
100MEDIA_DSCF0858.JPG,TRUE,Not found
100MEDIA_DSCF0870.JPG,TRUE,Not found
100MEDIA_DSCF0874.JPG,TRUE,Not found
100MEDIA_DSCF0861.JPG,TRUE,Not found
100MEDIA_DSCF0875.JPG,TRUE,Not found
100MEDIA_DSCF0863.JPG,TRUE,Not found
100MEDIA_DSCF0877.JPG,TRUE,Not found
100MEDIA_DSCF0862.JPG,TRUE,Not found
100MEDIA_DSCF0889.JPG,TRUE,Not found
101MEDIA_DSCF0407.JPG,FALSE,Not found
100MEDIA_DSCF0165.JPG,FALSE,Not found
101MEDIA_DSCF0406.JPG,FALSE,Not found
100MEDIA_DSCF0166.JPG,FALSE,Not found
100MEDIA_DSCF0167.JPG,FALSE,Not found
101MEDIA_DSCF0408.JPG,FALSE,Not found
101MEDIA_DSCF0538.JPG,FALSE,Not found
101MEDIA_DSCF0539.JPG,FALSE,Not found
101MEDIA_DSCF0739.JPG,FALSE,Not found
101MEDIA_DSCF0063.JPG,FALSE,Not found
101MEDIA_DSCF0507.JPG,FALSE,Not found
101MEDIA_DSCF0506.JPG,FALSE,Not found
101MEDIA_DSCF0704.JPG,FALSE,Not found
101MEDIA_DSCF0062.JPG,FALSE,Not found
101MEDIA_DSCF0738.JPG,FALSE,Not found
101MEDIA_DSCF0066.JPG,FALSE,Not found
101MEDIA_DSCF0067.JPG,FALSE,Not found
101MEDIA_DSCF0703.JPG,FALSE,Not found
101MEDIA_DSCF0688.JPG,FALSE,Not found
101MEDIA_DSCF0702.JPG,FALSE,Not found
101MEDIA_DSCF0064.JPG,FALSE,Not found
101MEDIA_DSCF0028.JPG,FALSE,Not found
101MEDIA_DSCF0799.JPG,FALSE,Not found
101MEDIA_DSCF0808.JPG,FALSE,Not found
101MEDIA_DSCF0798.JPG,FALSE,Not found
100MEDIA_DSCF0017.JPG,FALSE,Not found
100MEDIA_DSCF0957.JPG,FALSE,Not found
101MEDIA_DSCF0776.JPG,FALSE,Not found
101MEDIA_DSCF0774.JPG,FALSE,Not found
100MEDIA_DSCF0029.JPG,FALSE,Not found
101MEDIA_DSCF0775.JPG,FALSE,Not found
100MEDIA_DSCF0018.JPG,FALSE,Not found
101MEDIA_DSCF0036.JPG,FALSE,Not found
100MEDIA_DSCF0030.JPG,FALSE,Not found
101MEDIA_DSCF0022.JPG,FALSE,Not found
100MEDIA_DSCF0959.JPG,FALSE,Not found
101MEDIA_DSCF0591.JPG,FALSE,Not found
101MEDIA_DSCF0803.JPG,FALSE,Not found
101MEDIA_DSCF0802.JPG,FALSE,Not found
101MEDIA_DSCF0590.JPG,FALSE,Not found
100MEDIA_DSCF0958.JPG,FALSE,Not found
101MEDIA_DSCF0023.JPG,FALSE,Not found
100MEDIA_DSCF0031.JPG,FALSE,Not found
100MEDIA_DSCF0019.JPG,FALSE,Not found
101MEDIA_DSCF0035.JPG,FALSE,Not found
101MEDIA_DSCF0592.JPG,FALSE,Not found
101MEDIA_DSCF0800.JPG,FALSE,Not found
101MEDIA_DSCF0034.JPG,FALSE,Not found
101MEDIA_DSCF0024.JPG,FALSE,Not found
101MEDIA_DSCF0030.JPG,FALSE,Not found
101MEDIA_DSCF0795.JPG,FALSE,Not found
101MEDIA_DSCF0540.JPG,FALSE,Not found
101MEDIA_DSCF0391.JPG,FALSE,Not found
100MEDIA_DSCF0181.JPG,FALSE,Not found
101MEDIA_DSCF0804.JPG,FALSE,Not found
101MEDIA_DSCF0390.JPG,FALSE,Not found
101MEDIA_DSCF0596.JPG,FALSE,Not found
101MEDIA_DSCF0794.JPG,FALSE,Not found
101MEDIA_DSCF0031.JPG,FALSE,Not found
101MEDIA_DSCF0027.JPG,FALSE,Not found
101MEDIA_DSCF0796.JPG,FALSE,Not found
101MEDIA_DSCF0594.JPG,FALSE,Not found
101MEDIA_DSCF0392.JPG,FALSE,Not found
100MEDIA_DSCF0182.JPG,FALSE,Not found
101MEDIA_DSCF0806.JPG,FALSE,Not found
101MEDIA_DSCF0807.JPG,FALSE,Not found
100MEDIA_DSCF0183.JPG,FALSE,Not found
101MEDIA_DSCF0595.JPG,FALSE,Not found
101MEDIA_DSCF0026.JPG,FALSE,Not found
101MEDIA_DSCF0740.JPG,FALSE,Not found
101MEDIA_DSCF0032.JPG,FALSE,Not found
100MEDIA_DSCF0641.JPG,FALSE,Not found
101MEDIA_DSCF0068.JPG,FALSE,Not found
100MEDIA_DSCF0642.JPG,FALSE,Not found
101MEDIA_DSCF0687.JPG,FALSE,Not found
101MEDIA_DSCF0686.JPG,FALSE,Not found
100MEDIA_DSCF0643.JPG,FALSE,Not found
101MEDIA_DSCF0508.JPG,FALSE,Not found
100MEDIA_DSCF0401.JPG,FALSE,Not found
100MEDIA_DSCF0415.JPG,FALSE,Not found
100MEDIA_DSCF0603.JPG,FALSE,Not found
100MEDIA_DSCF0171.JPG,FALSE,Not found
100MEDIA_DSCF0170.JPG,FALSE,Not found
100MEDIA_DSCF0602.JPG,FALSE,Not found
100MEDIA_DSCF0414.JPG,FALSE,Not found
100MEDIA_DSCF0402.JPG,FALSE,Not found
100MEDIA_DSCF0601.JPG,FALSE,Not found
100MEDIA_DSCF0403.JPG,FALSE,Not found
100MEDIA_DSCF0417.JPG,FALSE,Not found
100MEDIA_DSCF0598.JPG,FALSE,Not found
100MEDIA_DSCF0413.JPG,FALSE,Not found
100MEDIA_DSCF0407.JPG,FALSE,Not found
100MEDIA_DSCF0406.JPG,FALSE,Not found
100MEDIA_DSCF0599.JPG,FALSE,Not found
101MEDIA_DSCF0548.JPG,FALSE,Not found
100MEDIA_DSCF0410.JPG,FALSE,Not found
100MEDIA_DSCF0411.JPG,FALSE,Not found
100MEDIA_DSCF0405.JPG,FALSE,Not found
101MEDIA_DSCF0750.JPG,FALSE,Not found
101MEDIA_DSCF0744.JPG,FALSE,Not found
101MEDIA_DSCF0546.JPG,FALSE,Not found
100MEDIA_DSCF0597.JPG,FALSE,Not found
100MEDIA_DSCF0421.JPG,FALSE,Not found
100MEDIA_DSCF0409.JPG,FALSE,Not found
101MEDIA_DSCF0547.JPG,FALSE,Not found
101MEDIA_DSCF0751.JPG,FALSE,Not found
100MEDIA_DSCF0423.JPG,FALSE,Not found
100MEDIA_DSCF0422.JPG,FALSE,Not found
101MEDIA_DSCF0752.JPG,FALSE,Not found
101MEDIA_DSCF0742.JPG,FALSE,Not found
101MEDIA_DSCF0756.JPG,FALSE,Not found
101MEDIA_DSCF0743.JPG,FALSE,Not found
101MEDIA_DSCF0755.JPG,FALSE,Not found
100MEDIA_DSCF0419.JPG,FALSE,Not found
100MEDIA_DSCF0169.JPG,FALSE,Not found
100MEDIA_DSCF0418.JPG,FALSE,Not found
101MEDIA_DSCF0754.JPG,FALSE,Not found
101MEDIA_DSCF0132.JPG,FALSE,Not found
101MEDIA_DSCF0130.JPG,FALSE,Not found
101MEDIA_DSCF0131.JPG,FALSE,Not found
DSCF0147.JPG,FALSE,Not found
DSCF0153.JPG,FALSE,Not found
DSCF0219.JPG,FALSE,Not found
DSCF0218.JPG,FALSE,Not found
DSCF0146.JPG,FALSE,Not found
DSCF0178.JPG,FALSE,Not found
DSCF0150.JPG,FALSE,Not found
DSCF0018.JPG,FALSE,Not found
DSCF0019.JPG,FALSE,Not found
DSCF0145.JPG,FALSE,Not found
DSCF0151.JPG,FALSE,Not found
DSCF0179.JPG,FALSE,Not found
DSCF0155.JPG,FALSE,Not found
DSCF0169.JPG,FALSE,Not found
DSCF0009.JPG,FALSE,FALSE
DSCF0154.JPG,FALSE,Not found
DSCF0157.JPG,FALSE,Not found
DSCF0118.JPG,FALSE,Not found
DSCF0125.JPG,FALSE,Not found
DSCF0119.JPG,FALSE,Not found
DSCF0127.JPG,FALSE,Not found
DSCF0053.JPG,FALSE,Not found
DSCF0090.JPG,FALSE,Not found
DSCF0091.JPG,FALSE,Not found
DSCF0126.JPG,FALSE,Not found
DSCF0122.JPG,FALSE,Not found
DSCF0241.JPG,FALSE,Not found
DSCF0123.JPG,FALSE,Not found
DSCF0137.JPG,FALSE,FALSE
DSCF0121.JPG,FALSE,Not found
DSCF0109.JPG,FALSE,Not found
DSCF0055.JPG,FALSE,Not found
DSCF0242.JPG,FALSE,Not found
DSCF0097.JPG,FALSE,Not found
DSCF0054.JPG,FALSE,Not found
DSCF0139.JPG,FALSE,FALSE
DSCF0105.JPG,FALSE,Not found
DSCF0111.JPG,FALSE,Not found
DSCF0110.JPG,FALSE,Not found
DSCF0138.JPG,FALSE,FALSE
DSCF0106.JPG,FALSE,Not found
DSCF0099.JPG,FALSE,Not found
DSCF0098.JPG,FALSE,Not found
DSCF0107.JPG,FALSE,Not found
DSCF0113.JPG,FALSE,Not found
DSCF0117.JPG,FALSE,Not found
DSCF0103.JPG,FALSE,Not found
DSCF0089.JPG,FALSE,Not found
DSCF0102.JPG,FALSE,Not found
DSCF0114.JPG,FALSE,Not found
DSCF0115.JPG,FALSE,Not found
DSCF0101.JPG,FALSE,Not found
DSCF0166.JPG,FALSE,FALSE
DSCF0013.JPG,FALSE,Not found
DSCF0167.JPG,FALSE,FALSE
DSCF0159.JPG,FALSE,Not found
DSCF0171.JPG,FALSE,Not found
DSCF0165.JPG,FALSE,FALSE
DSCF0011.JPG,FALSE,FALSE
DSCF0010.JPG,FALSE,FALSE
DSCF0170.JPG,FALSE,Not found
DSCF0158.JPG,FALSE,Not found
DSCF0014.JPG,FALSE,Not found
DSCF0217.JPG,FALSE,Not found
DSCF0015.JPG,FALSE,Not found
DSCF0149.JPG,FALSE,Not found
DSCF0161.JPG,FALSE,Not found
DSCF0163.JPG,FALSE,Not found
DSCF0177.JPG,FALSE,Not found
DSCF0017.JPG,FALSE,Not found
DSCF0162.JPG,FALSE,Not found
DSCF0021.JPG,FALSE,Not found
DSCF0022.JPG,FALSE,Not found
DSCF0023.JPG,FALSE,Not found
DSCF0033.JPG,FALSE,FALSE
DSCF0182.JPG,FALSE,FALSE
DSCF0035.JPG,FALSE,FALSE
DSCF0034.JPG,FALSE,FALSE
DSCF0183.JPG,FALSE,FALSE
DSCF0181.JPG,FALSE,FALSE
DSCF0246.JPG,FALSE,FALSE
DSCF0247.JPG,FALSE,FALSE
DSCF0245.JPG,FALSE,FALSE
DSCF0251.JPG,FALSE,FALSE
DSCF0250.JPG,FALSE,FALSE
DSCF0249.JPG,FALSE,FALSE
DSCF0173.JPG,FALSE,FALSE
DSCF0174.JPG,FALSE,FALSE
DSCF0175.JPG,FALSE,FALSE
DSCF0190.JPG,TRUE,Not found
DSCF0231.JPG,TRUE,Not found
DSCF0225.JPG,TRUE,Not found
DSCF0230.JPG,TRUE,Not found
DSCF0191.JPG,TRUE,Not found
DSCF0185.JPG,TRUE,Not found
DSCF0193.JPG,TRUE,Not found
DSCF0187.JPG,TRUE,Not found
DSCF0030.JPG,TRUE,Not found
DSCF0226.JPG,TRUE,Not found
DSCF0233.JPG,TRUE,Not found
DSCF0227.JPG,TRUE,Not found
DSCF0031.JPG,TRUE,FALSE
DSCF0186.JPG,TRUE,Not found
DSCF0223.JPG,TRUE,Not found
DSCF0237.JPG,TRUE,Not found
DSCF0222.JPG,TRUE,Not found
DSCF0197.JPG,TRUE,Not found
DSCF0195.JPG,TRUE,Not found
DSCF0234.JPG,TRUE,Not found
DSCF0209.JPG,TRUE,Not found
DSCF0221.JPG,TRUE,Not found
DSCF0235.JPG,TRUE,Not found
DSCF0194.JPG,TRUE,Not found
DSCF0057.JPG,TRUE,Not found
DSCF0069.JPG,TRUE,Not found
DSCF0257.JPG,TRUE,Not found
DSCF0243.JPG,TRUE,Not found
DSCF0059.JPG,TRUE,Not found
DSCF0071.JPG,TRUE,Not found
DSCF0065.JPG,TRUE,Not found
DSCF0070.JPG,TRUE,Not found
DSCF0058.JPG,TRUE,Not found
DSCF0066.JPG,TRUE,Not found
DSCF0258.JPG,TRUE,Not found
DSCF0259.JPG,TRUE,Not found
DSCF0073.JPG,TRUE,Not found
DSCF0067.JPG,TRUE,Not found
DSCF0063.JPG,TRUE,Not found
DSCF0062.JPG,TRUE,Not found
DSCF0074.JPG,TRUE,Not found
DSCF0061.JPG,TRUE,Not found
DSCF0075.JPG,TRUE,Not found
DSCF0199.JPG,TRUE,Not found
DSCF0006.JPG,TRUE,FALSE
DSCF0238.JPG,TRUE,Not found
DSCF0210.JPG,TRUE,Not found
DSCF0205.JPG,TRUE,Not found
DSCF0211.JPG,TRUE,Not found
DSCF0239.JPG,TRUE,Not found
DSCF0007.JPG,TRUE,FALSE
DSCF0198.JPG,TRUE,Not found
DSCF0005.JPG,TRUE,FALSE
DSCF0207.JPG,TRUE,Not found
DSCF0213.JPG,TRUE,Not found
DSCF0206.JPG,TRUE,Not found
DSCF0202.JPG,TRUE,Not found
DSCF0203.JPG,TRUE,Not found
DSCF0029.JPG,TRUE,Not found
DSCF0215.JPG,TRUE,Not found
DSCF0201.JPG,TRUE,Not found
DSCF0229.JPG,TRUE,Not found
DSCF0214.JPG,TRUE,Not found
DSCF0189.JPG,TRUE,Not found
DSCF0141.JPG,FALSE,Not found
DSCF0142.JPG,FALSE,Not found
DSCF0143.JPG,FALSE,Not found
DSCF0133.JPG,FALSE,Not found
DSCF0135.JPG,FALSE,Not found
DSCF0134.JPG,FALSE,Not found
DSCF0253.JPG,FALSE,Not found
DSCF0254.JPG,FALSE,Not found
DSCF0255.JPG,FALSE,Not found
DSCF0081.JPG,FALSE,Not found
DSCF0082.JPG,FALSE,Not found
DSCF0083.JPG,FALSE,Not found
DSCF0093.JPG,FALSE,Not found
DSCF0001.JPG,FALSE,Not found
DSCF0003.JPG,FALSE,Not found
DSCF0002.JPG,FALSE,Not found
DSCF0009.JPG,FALSE,Not found
DSCF0006.JPG,FALSE,Not found
DSCF0007.JPG,FALSE,Not found
DSCF0005.JPG,FALSE,Not found
DSCF0011.JPG,FALSE,Not found
DSCF0010.JPG,FALSE,Not found
DSCF0095.JPG,TRUE,Not found
DSCF0094.JPG,TRUE,Not found
DSCF0097.JPG,TRUE,Not found
DSCF0099.JPG,TRUE,Not found
DSCF0098.JPG,TRUE,Not found
DSCF0103.JPG,TRUE,Not found
DSCF0102.JPG,TRUE,Not found
DSCF0101.JPG,TRUE,Not found
DSCF0033.JPG,FALSE,Not found
DSCF0035.JPG,FALSE,Not found
DSCF0034.JPG,FALSE,Not found
DSCF0036.JPG,FALSE,FALSE
DSCF0078.JPG,FALSE,Not found
DSCF0093.JPG,FALSE,Not found
DSCF0092.JPG,FALSE,Not found
DSCF0045.JPG,FALSE,Not found
DSCF0047.JPG,FALSE,Not found
DSCF0091.JPG,FALSE,Not found
DSCF0046.JPG,FALSE,Not found
DSCF0056.JPG,FALSE,Not found
DSCF0080.JPG,FALSE,FALSE
DSCF0043.JPG,FALSE,Not found
DSCF0097.JPG,FALSE,Not found
DSCF0071.JPG,FALSE,Not found
DSCF0070.JPG,FALSE,Not found
DSCF0066.JPG,FALSE,FALSE
DSCF0073.JPG,FALSE,Not found
DSCF0067.JPG,FALSE,FALSE
DSCF0088.JPG,FALSE,Not found
DSCF0089.JPG,FALSE,Not found
DSCF0076.JPG,FALSE,FALSE
DSCF0060.JPG,FALSE,FALSE
DSCF0048.JPG,FALSE,Not found
DSCF0061.JPG,FALSE,FALSE
DSCF0075.JPG,FALSE,Not found
DSCF0005.JPG,FALSE,Not found
DSCF0011.JPG,FALSE,Not found
DSCF0010.JPG,FALSE,Not found
DSCF0004.JPG,FALSE,Not found
DSCF0003.JPG,FALSE,FALSE
DSCF0018.JPG,FALSE,Not found
DSCF0027.JPG,FALSE,FALSE
DSCF0026.JPG,FALSE,FALSE
DSCF0032.JPG,FALSE,FALSE
DSCF0024.JPG,FALSE,FALSE
DSCF0030.JPG,FALSE,FALSE
DSCF0031.JPG,FALSE,FALSE
DSCF0025.JPG,FALSE,FALSE
DSCF0019.JPG,FALSE,FALSE
DSCF0021.JPG,FALSE,FALSE
DSCF0009.JPG,FALSE,Not found
DSCF0008.JPG,FALSE,Not found
DSCF0020.JPG,FALSE,FALSE
DSCF0022.JPG,FALSE,FALSE
DSCF0023.JPG,FALSE,FALSE
DSCF0037.JPG,FALSE,FALSE
DSCF0050.JPG,FALSE,FALSE
DSCF0044.JPG,FALSE,Not found
DSCF0087.JPG,FALSE,Not found
DSCF0086.JPG,FALSE,FALSE
DSCF0051.JPG,FALSE,FALSE
DSCF0079.JPG,FALSE,Not found
DSCF0053.JPG,FALSE,FALSE
DSCF0084.JPG,FALSE,FALSE
DSCF0090.JPG,FALSE,Not found
DSCF0085.JPG,FALSE,FALSE
DSCF0052.JPG,FALSE,FALSE
DSCF0042.JPG,FALSE,Not found
DSCF0081.JPG,FALSE,FALSE
DSCF0095.JPG,FALSE,Not found
DSCF0094.JPG,FALSE,Not found
DSCF0057.JPG,FALSE,Not found
DSCF0055.JPG,FALSE,Not found
DSCF0041.JPG,FALSE,Not found
DSCF0096.JPG,FALSE,Not found
DSCF0082.JPG,FALSE,FALSE
DSCF0083.JPG,FALSE,FALSE
DSCF0068.JPG,FALSE,Not found
DSCF0040.JPG,FALSE,Not found
DSCF0054.JPG,FALSE,Not found
DSCF0059.JPG,FALSE,FALSE
DSCF0065.JPG,FALSE,FALSE
DSCF0064.JPG,FALSE,FALSE
DSCF0058.JPG,FALSE,Not found
DSCF0072.JPG,FALSE,Not found
DSCF0063.JPG,FALSE,FALSE
DSCF0077.JPG,FALSE,Not found
DSCF0062.JPG,FALSE,FALSE
DSCF0074.JPG,FALSE,Not found
DSCF0049.JPG,FALSE,Not found
DSCF0012.JPG,FALSE,Not found
DSCF0006.JPG,FALSE,FALSE
DSCF0007.JPG,FALSE,FALSE
DSCF0013.JPG,FALSE,Not found
DSCF0039.JPG,FALSE,Not found
DSCF0038.JPG,FALSE,FALSE
DSCF0014.JPG,FALSE,Not found
DSCF0028.JPG,FALSE,FALSE
DSCF0029.JPG,FALSE,FALSE
DSCF0015.JPG,FALSE,FALSE
DSCF0017.JPG,FALSE,FALSE
DSCF0002.JPG,FALSE,FALSE
DSCF0016.JPG,FALSE,FALSE
DSCF0053.JPG,FALSE,FALSE
DSCF0055.JPG,FALSE,FALSE
DSCF0054.JPG,FALSE,FALSE
DSCF0021.JPG,FALSE,Not found
DSCF0022.JPG,FALSE,Not found
DSCF0023.JPG,FALSE,Not found
DSCF0037.JPG,FALSE,FALSE
DSCF0042.JPG,FALSE,TRUE
DSCF0043.JPG,FALSE,TRUE
DSCF0041.JPG,FALSE,TRUE
DSCF0039.JPG,FALSE,FALSE
DSCF0038.JPG,FALSE,TRUE
DSCF0018.JPG,FALSE,TRUE
DSCF0019.JPG,FALSE,TRUE
DSCF0050.JPG,FALSE,FALSE
DSCF0045.JPG,FALSE,FALSE
DSCF0051.JPG,FALSE,FALSE
DSCF0047.JPG,FALSE,FALSE
DSCF0046.JPG,FALSE,FALSE
DSCF0057.JPG,FALSE,FALSE
DSCF0059.JPG,FALSE,TRUE
DSCF0058.JPG,FALSE,TRUE
DSCF0049.JPG,FALSE,FALSE
DSCF0001.JPG,FALSE,Not found
DSCF0017.JPG,FALSE,FALSE
DSCF0003.JPG,FALSE,Not found
DSCF0002.JPG,FALSE,Not found
DSCF0033.JPG,TRUE,Not found
DSCF0027.JPG,TRUE,Not found
DSCF0026.JPG,TRUE,Not found
DSCF0030.JPG,TRUE,Not found
DSCF0031.JPG,TRUE,Not found
DSCF0025.JPG,TRUE,Not found
DSCF0035.JPG,TRUE,Not found
DSCF0034.JPG,TRUE,Not found
DSCF0063.JPG,TRUE,Not found
DSCF0062.JPG,TRUE,Not found
DSCF0061.JPG,TRUE,Not found
DSCF0029.JPG,TRUE,Not found
DSCF0147.JPG,FALSE,FALSE
DSCF0146.JPG,FALSE,FALSE
DSCF0142.JPG,FALSE,FALSE
DSCF0143.JPG,FALSE,FALSE
DSCF0118.JPG,FALSE,Not found
DSCF0130.JPG,FALSE,Not found
DSCF0087.JPG,FALSE,Not found
DSCF0086.JPG,FALSE,Not found
DSCF0131.JPG,FALSE,Not found
DSCF0119.JPG,FALSE,Not found
DSCF0133.JPG,FALSE,Not found
DSCF0090.JPG,FALSE,Not found
DSCF0091.JPG,FALSE,Not found
DSCF0085.JPG,FALSE,Not found
DSCF0135.JPG,FALSE,Not found
DSCF0109.JPG,FALSE,Not found
DSCF0134.JPG,FALSE,Not found
DSCF0111.JPG,FALSE,Not found
DSCF0110.JPG,FALSE,Not found
DSCF0117.JPG,FALSE,Not found
DSCF0089.JPG,FALSE,Not found
DSCF0129.JPG,FALSE,Not found
DSCF0006.JPG,FALSE,FALSE
DSCF0007.JPG,FALSE,FALSE
DSCF0105.JPG,FALSE,Not found
DSCF0106.JPG,FALSE,Not found
DSCF0107.JPG,FALSE,Not found
DSCF0078.JPG,FALSE,FALSE
DSCF0079.JPG,FALSE,FALSE
DSCF0053.JPG,FALSE,FALSE
DSCF0057.JPG,FALSE,FALSE
DSCF0137.JPG,FALSE,FALSE
DSCF0055.JPG,FALSE,FALSE
DSCF0069.JPG,FALSE,FALSE
DSCF0054.JPG,FALSE,FALSE
DSCF0139.JPG,FALSE,FALSE
DSCF0059.JPG,FALSE,FALSE
DSCF0071.JPG,FALSE,FALSE
DSCF0065.JPG,FALSE,FALSE
DSCF0070.JPG,FALSE,FALSE
DSCF0058.JPG,FALSE,FALSE
DSCF0138.JPG,FALSE,FALSE
DSCF0066.JPG,FALSE,FALSE
DSCF0073.JPG,FALSE,FALSE
DSCF0067.JPG,FALSE,FALSE
DSCF0063.JPG,FALSE,FALSE
DSCF0077.JPG,FALSE,FALSE
DSCF0062.JPG,FALSE,FALSE
DSCF0074.JPG,FALSE,FALSE
DSCF0061.JPG,FALSE,FALSE
DSCF0075.JPG,FALSE,FALSE
DSCF0033.JPG,TRUE,Not found
DSCF0027.JPG,TRUE,Not found
DSCF0026.JPG,TRUE,Not found
DSCF0018.JPG,TRUE,Not found
DSCF0030.JPG,TRUE,Not found
DSCF0031.JPG,TRUE,Not found
DSCF0025.JPG,TRUE,Not found
DSCF0019.JPG,TRUE,Not found
DSCF0182.JPG,TRUE,TRUE
DSCF0021.JPG,TRUE,Not found
DSCF0035.JPG,TRUE,Not found
DSCF0009.JPG,TRUE,Not found
DSCF0034.JPG,TRUE,Not found
DSCF0183.JPG,TRUE,TRUE
DSCF0181.JPG,TRUE,Not found
DSCF0022.JPG,TRUE,Not found
DSCF0023.JPG,TRUE,Not found
DSCF0037.JPG,TRUE,Not found
DSCF0050.JPG,TRUE,Not found
DSCF0045.JPG,TRUE,Not found
DSCF0051.JPG,TRUE,Not found
DSCF0047.JPG,TRUE,Not found
DSCF0046.JPG,TRUE,Not found
DSCF0042.JPG,TRUE,Not found
DSCF0043.JPG,TRUE,Not found
DSCF0041.JPG,TRUE,Not found
DSCF0049.JPG,TRUE,Not found
DSCF0013.JPG,TRUE,Not found
DSCF0039.JPG,TRUE,Not found
DSCF0011.JPG,TRUE,Not found
DSCF0010.JPG,TRUE,Not found
DSCF0038.JPG,TRUE,Not found
DSCF0014.JPG,TRUE,Not found
DSCF0029.JPG,TRUE,Not found
DSCF0015.JPG,TRUE,Not found
DSCF0001.JPG,TRUE,Not found
DSCF0017.JPG,TRUE,Not found
DSCF0003.JPG,TRUE,Not found
DSCF0002.JPG,TRUE,Not found
DSCF0157.JPG,FALSE,Not found
DSCF0159.JPG,FALSE,Not found
DSCF0158.JPG,FALSE,Not found
DSCF0161.JPG,FALSE,Not found
DSCF0163.JPG,FALSE,Not found
DSCF0162.JPG,FALSE,Not found
DSCF0145.JPG,FALSE,FALSE
DSCF0141.JPG,FALSE,FALSE
DSCF0005.JPG,FALSE,FALSE
DSCF0153.JPG,TRUE,Not found
DSCF0155.JPG,TRUE,Not found
DSCF0154.JPG,TRUE,Not found
DSCF0125.JPG,TRUE,Not found
DSCF0127.JPG,TRUE,Not found
DSCF0126.JPG,TRUE,Not found
DSCF0122.JPG,TRUE,Not found
DSCF0123.JPG,TRUE,Not found
DSCF0121.JPG,TRUE,Not found
DSCF0113.JPG,TRUE,Not found
DSCF0114.JPG,TRUE,Not found
DSCF0115.JPG,TRUE,Not found
DSCF0009.JPG,FALSE,FALSE
DSCF0105.JPG,FALSE,FALSE
DSCF0106.JPG,FALSE,FALSE
DSCF0107.JPG,FALSE,FALSE
DSCF0011.JPG,FALSE,FALSE
DSCF0010.JPG,FALSE,FALSE
DSCF0018.JPG,FALSE,Not found
DSCF0019.JPG,FALSE,Not found
DSCF0078.JPG,FALSE,FALSE
DSCF0050.JPG,FALSE,FALSE
DSCF0093.JPG,FALSE,FALSE
DSCF0087.JPG,FALSE,FALSE
DSCF0086.JPG,FALSE,FALSE
DSCF0045.JPG,FALSE,FALSE
DSCF0051.JPG,FALSE,FALSE
DSCF0079.JPG,FALSE,FALSE
DSCF0125.JPG,FALSE,FALSE
DSCF0127.JPG,FALSE,FALSE
DSCF0047.JPG,FALSE,FALSE
DSCF0053.JPG,FALSE,FALSE
DSCF0090.JPG,FALSE,FALSE
DSCF0091.JPG,FALSE,FALSE
DSCF0085.JPG,FALSE,FALSE
DSCF0046.JPG,FALSE,FALSE
DSCF0126.JPG,FALSE,FALSE
DSCF0081.JPG,FALSE,FALSE
DSCF0095.JPG,FALSE,FALSE
DSCF0094.JPG,FALSE,FALSE
DSCF0057.JPG,FALSE,FALSE
DSCF0055.JPG,FALSE,FALSE
DSCF0069.JPG,FALSE,FALSE
DSCF0082.JPG,FALSE,FALSE
DSCF0083.JPG,FALSE,FALSE
DSCF0097.JPG,FALSE,FALSE
DSCF0054.JPG,FALSE,FALSE
DSCF0059.JPG,FALSE,FALSE
DSCF0071.JPG,FALSE,FALSE
DSCF0065.JPG,FALSE,FALSE
DSCF0070.JPG,FALSE,FALSE
DSCF0058.JPG,FALSE,FALSE
DSCF0066.JPG,FALSE,FALSE
DSCF0099.JPG,FALSE,FALSE
DSCF0098.JPG,FALSE,FALSE
DSCF0073.JPG,FALSE,FALSE
DSCF0067.JPG,FALSE,FALSE
DSCF0103.JPG,FALSE,FALSE
DSCF0063.JPG,FALSE,FALSE
DSCF0077.JPG,FALSE,FALSE
DSCF0089.JPG,FALSE,FALSE
DSCF0062.JPG,FALSE,FALSE
DSCF0102.JPG,FALSE,FALSE
DSCF0074.JPG,FALSE,FALSE
DSCF0049.JPG,FALSE,FALSE
DSCF0061.JPG,FALSE,FALSE
DSCF0075.JPG,FALSE,FALSE
DSCF0101.JPG,FALSE,FALSE
DSCF0027.JPG,FALSE,Not found
DSCF0026.JPG,FALSE,Not found
DSCF0025.JPG,FALSE,Not found
DSCF0037.JPG,FALSE,FALSE
DSCF0042.JPG,FALSE,FALSE
DSCF0043.JPG,FALSE,FALSE
DSCF0109.JPG,FALSE,FALSE
DSCF0041.JPG,FALSE,FALSE
DSCF0111.JPG,FALSE,FALSE
DSCF0110.JPG,FALSE,FALSE
DSCF0039.JPG,FALSE,FALSE
DSCF0038.JPG,FALSE,FALSE
DSCF0137.JPG,TRUE,Not found
DSCF0139.JPG,TRUE,Not found
DSCF0138.JPG,TRUE,Not found
DSCF0001.JPG,TRUE,Not found
DSCF0003.JPG,TRUE,Not found
DSCF0002.JPG,TRUE,Not found
DSCF0006.JPG,FALSE,Not found
DSCF0007.JPG,FALSE,Not found
DSCF0005.JPG,FALSE,Not found
DSCF0012.JPG,FALSE,FALSE
DSCF0013.JPG,FALSE,FALSE
DSCF0006.JPG,FALSE,FALSE
DSCF0011.JPG,FALSE,FALSE
DSCF0010.JPG,FALSE,FALSE
DSCF0004.JPG,FALSE,FALSE
DSCF0014.JPG,FALSE,FALSE
DSCF0017.JPG,FALSE,FALSE
DSCF0007.JPG,FALSE,FALSE
DSCF0009.JPG,TRUE,FALSE
DSCF0001.JPG,TRUE,FALSE
DSCF0018.JPG,FALSE,FALSE
DSCF0008.JPG,FALSE,FALSE
DSCF0005.JPG,FALSE,FALSE
DSCF0015.JPG,FALSE,FALSE
DSCF0016.JPG,FALSE,FALSE
DSCF0003.JPG,FALSE,FALSE
DSCF0002.JPG,FALSE,FALSE
DSCF0018.JPG,FALSE,FALSE
DSCF0019.JPG,FALSE,FALSE
DSCF0017.JPG,FALSE,FALSE
DSCF0021.JPG,FALSE,Not found
DSCF0022.JPG,FALSE,Not found
DSCF0023.JPG,FALSE,Not found
DSCF0045.JPG,FALSE,Not found
DSCF0047.JPG,FALSE,Not found
DSCF0046.JPG,FALSE,Not found
DSCF0001.JPG,FALSE,Not found
DSCF0003.JPG,FALSE,Not found
DSCF0002.JPG,FALSE,Not found
DSCF0027.JPG,FALSE,FALSE
DSCF0026.JPG,FALSE,FALSE
DSCF0025.JPG,FALSE,FALSE
DSCF0053.JPG,FALSE,Not found
DSCF0055.JPG,FALSE,Not found
DSCF0054.JPG,FALSE,Not found
DSCF0033.JPG,FALSE,FALSE
DSCF0035.JPG,FALSE,FALSE
DSCF0034.JPG,FALSE,FALSE
DSCF0037.JPG,FALSE,FALSE
DSCF0050.JPG,FALSE,FALSE
DSCF0051.JPG,FALSE,FALSE
DSCF0042.JPG,FALSE,Not found
DSCF0057.JPG,FALSE,FALSE
DSCF0043.JPG,FALSE,Not found
DSCF0041.JPG,FALSE,Not found
DSCF0059.JPG,FALSE,FALSE
DSCF0058.JPG,FALSE,FALSE
DSCF0063.JPG,FALSE,FALSE
DSCF0062.JPG,FALSE,FALSE
DSCF0049.JPG,FALSE,FALSE
DSCF0061.JPG,FALSE,FALSE
DSCF0039.JPG,FALSE,FALSE
DSCF0038.JPG,FALSE,FALSE
DSCF0078.JPG,TRUE,Not found
DSCF0079.JPG,TRUE,Not found
DSCF0077.JPG,TRUE,Not found
DSCF0030.JPG,FALSE,FALSE
DSCF0031.JPG,FALSE,FALSE
DSCF0069.JPG,FALSE,FALSE
DSCF0071.JPG,FALSE,FALSE
DSCF0070.JPG,FALSE,FALSE
DSCF0013.JPG,FALSE,Not found
DSCF0014.JPG,FALSE,Not found
DSCF0029.JPG,FALSE,FALSE
DSCF0015.JPG,FALSE,Not found
DSCF0065.JPG,TRUE,FALSE
DSCF0066.JPG,TRUE,FALSE
DSCF0067.JPG,TRUE,FALSE
DSCF0073.JPG,FALSE,Not found
DSCF0074.JPG,FALSE,Not found
DSCF0075.JPG,FALSE,Not found
DSCF0050.JPG,FALSE,Not found
DSCF0051.JPG,FALSE,Not found
DSCF0049.JPG,FALSE,Not found
DSCF0093.JPG,FALSE,FALSE
DSCF0092.JPG,FALSE,FALSE
DSCF0091.JPG,FALSE,FALSE
DSCF0105.JPG,TRUE,FALSE
DSCF0111.JPG,TRUE,Not found
DSCF0012.JPG,TRUE,Not found
DSCF0005.JPG,TRUE,FALSE
DSCF0011.JPG,TRUE,Not found
DSCF0010.JPG,TRUE,Not found
DSCF0108.JPG,FALSE,Not found
DSCF0106.JPG,FALSE,Not found
DSCF0107.JPG,FALSE,Not found
DSCF0088.JPG,FALSE,Not found
DSCF0001.JPG,FALSE,FALSE
DSCF0003.JPG,FALSE,FALSE
DSCF0002.JPG,FALSE,FALSE
DSCF0019.JPG,FALSE,FALSE
DSCF0021.JPG,FALSE,TRUE
DSCF0020.JPG,FALSE,FALSE
DSCF0008.JPG,FALSE,Not found
DSCF0005.JPG,FALSE,Not found
DSCF0004.JPG,FALSE,Not found
DSCF0003.JPG,FALSE,Not found
DSCF0009.JPG,TRUE,Not found
DSCF0012.JPG,TRUE,Not found
DSCF0011.JPG,TRUE,Not found
DSCF0010.JPG,TRUE,Not found
DSCF0002.JPG,TRUE,TRUE
DSCF0033.JPG,FALSE,Not found
DSCF0419.JPG,FALSE,Not found
DSCF0223.JPG,FALSE,Not found
DSCF0222.JPG,FALSE,Not found
DSCF0034.JPG,FALSE,Not found
DSCF0037.JPG,FALSE,Not found
DSCF0355.JPG,FALSE,Not found
DSCF0481.JPG,FALSE,Not found
DSCF0478.JPG,FALSE,Not found
DSCF0110.JPG,FALSE,Not found
DSCF0258.JPG,FALSE,Not found
DSCF0098.JPG,FALSE,Not found
DSCF0113.JPG,FALSE,Not found
DSCF0117.JPG,FALSE,Not found
DSCF0013.JPG,FALSE,Not found
DSCF0399.JPG,FALSE,Not found
DSCF0400.JPG,FALSE,Not found
DSCF0016.JPG,FALSE,Not found
DSCF0426.JPG,FALSE,Not found
DSCF0427.JPG,FALSE,Not found
DSCF0119.JPG,FALSE,Not found
DSCF0428.JPG,FALSE,Not found
DSCF0290.JPG,FALSE,FALSE
DSCF0292.JPG,FALSE,FALSE
DSCF0289.JPG,FALSE,FALSE
DSCF0423.JPG,TRUE,TRUE
DSCF0437.JPG,TRUE,Not found
DSCF0436.JPG,TRUE,Not found
DSCF0408.JPG,TRUE,FALSE
DSCF0434.JPG,TRUE,Not found
DSCF0409.JPG,TRUE,Not found
DSCF0431.JPG,TRUE,Not found
DSCF0430.JPG,TRUE,Not found
DSCF0432.JPG,TRUE,Not found
DSCF0221.JPG,TRUE,FALSE
DSCF0433.JPG,TRUE,Not found
DSCF0497.JPG,TRUE,Not found
DSCF0118.JPG,TRUE,Not found
DSCF0093.JPG,TRUE,Not found
DSCF0087.JPG,TRUE,Not found
DSCF0252.JPG,TRUE,Not found
DSCF0253.JPG,TRUE,Not found
DSCF0092.JPG,TRUE,Not found
DSCF0090.JPG,TRUE,Not found
DSCF0293.JPG,TRUE,FALSE
DSCF0287.JPG,TRUE,Not found
DSCF0091.JPG,TRUE,Not found
DSCF0095.JPG,TRUE,Not found
DSCF0526.JPG,TRUE,Not found
DSCF0297.JPG,TRUE,Not found
DSCF0527.JPG,TRUE,FALSE
DSCF0094.JPG,TRUE,Not found
DSCF0479.JPG,TRUE,Not found
DSCF0486.JPG,TRUE,Not found
DSCF0096.JPG,TRUE,TRUE
DSCF0295.JPG,TRUE,Not found
DSCF0097.JPG,TRUE,Not found
DSCF0487.JPG,TRUE,Not found
DSCF0474.JPG,TRUE,Not found
DSCF0306.JPG,TRUE,Not found
DSCF0310.JPG,TRUE,Not found
DSCF0264.JPG,TRUE,Not found
DSCF0315.JPG,TRUE,Not found
DSCF0088.JPG,TRUE,Not found
DSCF0089.JPG,TRUE,Not found
DSCF0300.JPG,TRUE,FALSE
DSCF0314.JPG,TRUE,Not found
DSCF0277.JPG,TRUE,FALSE
DSCF0317.JPG,TRUE,FALSE
DSCF0012.JPG,TRUE,Not found
DSCF0429.JPG,TRUE,Not found
DSCF0415.JPG,TRUE,Not found
DSCF0401.JPG,TRUE,Not found
DSCF0414.JPG,TRUE,Not found
DSCF0001.JPG,TRUE,Not found
DSCF0407.JPG,TRUE,TRUE
DSCF0413.JPG,TRUE,Not found
DSCF0029.JPG,FALSE,Not found
DSCF0356.JPG,FALSE,Not found
DSCF0351.JPG,TRUE,TRUE
DSCF0350.JPG,TRUE,TRUE
DSCF0346.JPG,TRUE,FALSE
DSCF0420.JPG,TRUE,Not found
DSCF0347.JPG,TRUE,TRUE
DSCF0421.JPG,TRUE,Not found
DSCF0435.JPG,TRUE,Not found
DSCF0353.JPG,TRUE,Not found
DSCF0357.JPG,TRUE,Not found
DSCF0425.JPG,TRUE,Not found
DSCF0343.JPG,TRUE,Not found
DSCF0418.JPG,TRUE,FALSE
DSCF0424.JPG,TRUE,Not found
DSCF0342.JPG,TRUE,Not found
DSCF0354.JPG,TRUE,Not found
DSCF0368.JPG,TRUE,TRUE
DSCF0369.JPG,TRUE,TRUE
DSCF0341.JPG,TRUE,Not found
DSCF0483.JPG,TRUE,Not found
DSCF0520.JPG,TRUE,FALSE
DSCF0291.JPG,TRUE,FALSE
DSCF0521.JPG,TRUE,TRUE
DSCF0482.JPG,TRUE,Not found
DSCF0480.JPG,TRUE,Not found
DSCF0523.JPG,TRUE,Not found
DSCF0522.JPG,TRUE,TRUE
DSCF0278.JPG,TRUE,Not found
DSCF0318.JPG,TRUE,FALSE
DSCF0308.JPG,TRUE,Not found
DSCF0485.JPG,TRUE,Not found
DSCF0268.JPG,TRUE,TRUE
DSCF0296.JPG,TRUE,Not found
DSCF0269.JPG,TRUE,TRUE
DSCF0484.JPG,TRUE,Not found
DSCF0490.JPG,TRUE,Not found
DSCF0309.JPG,TRUE,Not found
DSCF0519.JPG,TRUE,FALSE
DSCF0294.JPG,TRUE,Not found
DSCF0518.JPG,TRUE,FALSE
DSCF0524.JPG,TRUE,Not found
DSCF0307.JPG,TRUE,Not found
DSCF0515.JPG,TRUE,FALSE
DSCF0501.JPG,TRUE,Not found
DSCF0267.JPG,TRUE,FALSE
DSCF0298.JPG,TRUE,Not found
DSCF0299.JPG,TRUE,Not found
DSCF0500.JPG,TRUE,Not found
DSCF0266.JPG,TRUE,Not found
DSCF0304.JPG,TRUE,Not found
DSCF0489.JPG,TRUE,Not found
DSCF0502.JPG,TRUE,Not found
DSCF0516.JPG,TRUE,FALSE
DSCF0270.JPG,TRUE,Not found
DSCF0517.JPG,TRUE,TRUE
DSCF0271.JPG,TRUE,Not found
DSCF0265.JPG,TRUE,Not found
DSCF0503.JPG,TRUE,Not found
DSCF0488.JPG,TRUE,Not found
DSCF0305.JPG,TRUE,Not found
DSCF0311.JPG,TRUE,Not found
DSCF0473.JPG,TRUE,FALSE
DSCF0301.JPG,TRUE,Not found
DSCF0498.JPG,TRUE,Not found
DSCF0275.JPG,TRUE,Not found
DSCF0274.JPG,TRUE,Not found
DSCF0499.JPG,TRUE,Not found
DSCF0472.JPG,TRUE,Not found
DSCF0316.JPG,TRUE,Not found
DSCF0276.JPG,TRUE,Not found
DSCF0288.JPG,TRUE,TRUE
DSCF0358.JPG,TRUE,Not found
DSCF0402.JPG,TRUE,Not found
DSCF0364.JPG,TRUE,Not found
DSCF0370.JPG,TRUE,TRUE
DSCF0371.JPG,TRUE,TRUE
DSCF0403.JPG,TRUE,Not found
DSCF0365.JPG,TRUE,Not found
DSCF0359.JPG,TRUE,Not found
DSCF0373.JPG,TRUE,TRUE
DSCF0367.JPG,TRUE,Not found
DSCF0366.JPG,TRUE,Not found
DSCF0372.JPG,TRUE,TRUE
DSCF0376.JPG,TRUE,Not found
DSCF0410.JPG,TRUE,Not found
DSCF0404.JPG,TRUE,Not found
DSCF0362.JPG,TRUE,FALSE
DSCF0405.JPG,TRUE,Not found
DSCF0363.JPG,TRUE,TRUE
DSCF0361.JPG,TRUE,FALSE
DSCF0375.JPG,TRUE,FALSE
DSCF0349.JPG,TRUE,FALSE
DSCF0348.JPG,TRUE,FALSE
DSCF0374.JPG,TRUE,TRUE
DSCF0360.JPG,TRUE,Not found
DSCF0406.JPG,TRUE,FALSE
DSCF0022.JPG,FALSE,FALSE
DSCF0099.JPG,FALSE,Not found
DSCF0013.JPG,FALSE,Not found
DSCF0014.JPG,FALSE,Not found
DSCF0015.JPG,FALSE,Not found
DSCF0006.JPG,FALSE,FALSE
DSCF0007.JPG,FALSE,FALSE
DSCF0005.JPG,FALSE,FALSE
DSCF0027.JPG,FALSE,FALSE
DSCF0026.JPG,FALSE,FALSE
DSCF0018.JPG,FALSE,FALSE
DSCF0025.JPG,FALSE,FALSE
DSCF0019.JPG,FALSE,FALSE
DSCF0021.JPG,FALSE,FALSE
DSCF0009.JPG,FALSE,FALSE
DSCF0022.JPG,FALSE,FALSE
DSCF0023.JPG,FALSE,FALSE
DSCF0037.JPG,FALSE,FALSE
DSCF0078.JPG,FALSE,FALSE
DSCF0050.JPG,FALSE,TRUE
DSCF0045.JPG,FALSE,Not found
DSCF0051.JPG,FALSE,TRUE
DSCF0079.JPG,FALSE,TRUE
DSCF0047.JPG,FALSE,Not found
DSCF0053.JPG,FALSE,Not found
DSCF0046.JPG,FALSE,Not found
DSCF0042.JPG,FALSE,FALSE
DSCF0057.JPG,FALSE,Not found
DSCF0043.JPG,FALSE,FALSE
DSCF0055.JPG,FALSE,Not found
DSCF0041.JPG,FALSE,TRUE
DSCF0054.JPG,FALSE,Not found
DSCF0059.JPG,FALSE,Not found
DSCF0065.JPG,FALSE,Not found
DSCF0058.JPG,FALSE,Not found
DSCF0066.JPG,FALSE,Not found
DSCF0073.JPG,FALSE,FALSE
DSCF0067.JPG,FALSE,Not found
DSCF0063.JPG,FALSE,Not found
DSCF0077.JPG,FALSE,FALSE
DSCF0062.JPG,FALSE,Not found
DSCF0074.JPG,FALSE,FALSE
DSCF0049.JPG,FALSE,TRUE
DSCF0061.JPG,FALSE,Not found
DSCF0075.JPG,FALSE,FALSE
DSCF0039.JPG,FALSE,TRUE
DSCF0011.JPG,FALSE,FALSE
DSCF0010.JPG,FALSE,FALSE
DSCF0038.JPG,FALSE,FALSE
DSCF0017.JPG,FALSE,FALSE
DSCF0081.JPG,TRUE,Not found
DSCF0082.JPG,TRUE,Not found
DSCF0083.JPG,TRUE,Not found
DSCF0001.JPG,TRUE,Not found
DSCF0003.JPG,TRUE,Not found
DSCF0002.JPG,TRUE,Not found
DSCF0030.JPG,FALSE,Not found
DSCF0031.JPG,FALSE,Not found
DSCF0029.JPG,FALSE,Not found
DSCF0033.JPG,FALSE,FALSE
DSCF0035.JPG,FALSE,FALSE
DSCF0034.JPG,FALSE,FALSE
DSCF0069.JPG,FALSE,Not found
DSCF0071.JPG,FALSE,Not found
DSCF0070.JPG,FALSE,Not found
IMG_0166.JPG,FALSE,FALSE
IMG_0401.JPG,FALSE,FALSE
IMG_0165.JPG,FALSE,FALSE
IMG_0170.JPG,FALSE,FALSE
IMG_0164.JPG,FALSE,FALSE
IMG_0400.JPG,FALSE,FALSE
IMG_0316.JPG,FALSE,FALSE
IMG_0317.JPG,FALSE,FALSE
IMG_0461.JPG,FALSE,FALSE
IMG_0462.JPG,FALSE,FALSE
IMG_0318.JPG,FALSE,FALSE
IMG_0169.JPG,FALSE,FALSE
IMG_0168.JPG,FALSE,FALSE
IMG_0194.JPG,FALSE,FALSE
IMG_0193.JPG,FALSE,FALSE
IMG_0192.JPG,FALSE,FALSE
IMG_0014.JPG,FALSE,FALSE
IMG_0362.JPG,FALSE,FALSE
IMG_0404.JPG,FALSE,FALSE
IMG_0376.JPG,FALSE,FALSE
IMG_0438.JPG,FALSE,FALSE
IMG_0174.JPG,FALSE,FALSE
IMG_0148.JPG,FALSE,FALSE
IMG_0149.JPG,FALSE,FALSE
IMG_0161.JPG,FALSE,FALSE
IMG_0377.JPG,FALSE,FALSE
IMG_0388.JPG,FALSE,FALSE
IMG_0017.JPG,FALSE,FALSE
IMG_0229.JPG,FALSE,FALSE
IMG_0413.JPG,FALSE,FALSE
IMG_0361.JPG,FALSE,FALSE
IMG_0349.JPG,FALSE,FALSE
IMG_0177.JPG,FALSE,FALSE
IMG_0162.JPG,FALSE,FALSE
IMG_0176.JPG,FALSE,FALSE
IMG_0348.JPG,FALSE,FALSE
IMG_0412.JPG,FALSE,FALSE
IMG_0228.JPG,FALSE,FALSE
IMG_0006.JPG,FALSE,FALSE
IMG_0012.JPG,FALSE,FALSE
IMG_0238.JPG,FALSE,FALSE
IMG_0204.JPG,FALSE,FALSE
IMG_0358.JPG,FALSE,FALSE
IMG_0364.JPG,FALSE,Not found
IMG_0402.JPG,FALSE,FALSE
IMG_0172.JPG,FALSE,FALSE
IMG_0173.JPG,FALSE,FALSE
IMG_0198.JPG,FALSE,FALSE
IMG_0365.JPG,FALSE,FALSE
IMG_0205.JPG,FALSE,FALSE
IMG_0013.JPG,FALSE,FALSE
IMG_0005.JPG,FALSE,FALSE
IMG_0398.JPG,FALSE,FALSE
IMG_0429.JPG,FALSE,FALSE
IMG_0372.JPG,FALSE,FALSE
IMG_0414.JPG,FALSE,FALSE
IMG_0366.JPG,FALSE,FALSE
IMG_0428.JPG,FALSE,FALSE
IMG_0206.JPG,FALSE,FALSE
IMG_0004.JPG,FALSE,FALSE
IMG_0038.JPG,FALSE,FALSE
IMG_0088.JPG,FALSE,FALSE
IMG_0261.JPG,FALSE,Not found
IMG_0249.JPG,FALSE,Not found
IMG_0301.JPG,FALSE,Not found
IMG_0473.JPG,FALSE,Not found
IMG_0117.JPG,FALSE,Not found
IMG_0116.JPG,FALSE,Not found
IMG_0472.JPG,FALSE,Not found
IMG_0466.JPG,FALSE,FALSE
IMG_0300.JPG,FALSE,FALSE
IMG_0260.JPG,FALSE,FALSE
IMG_0062.JPG,FALSE,FALSE
IMG_0089.JPG,FALSE,FALSE
IMG_0060.JPG,FALSE,FALSE
IMG_0074.JPG,FALSE,FALSE
IMG_0262.JPG,FALSE,FALSE
IMG_0276.JPG,FALSE,FALSE
IMG_0302.JPG,FALSE,Not found
IMG_0464.JPG,FALSE,Not found
IMG_0100.JPG,FALSE,Not found
IMG_0465.JPG,FALSE,Not found
IMG_0277.JPG,FALSE,Not found
IMG_0061.JPG,FALSE,Not found
IMG_0298.JPG,FALSE,Not found
IMG_0460.JPG,FALSE,Not found
IMG_0306.JPG,FALSE,Not found
IMG_0474.JPG,FALSE,Not found
IMG_0266.JPG,FALSE,Not found
IMG_0070.JPG,FALSE,Not found
IMG_0064.JPG,FALSE,Not found
IMG_0072.JPG,FALSE,FALSE
IMG_0066.JPG,FALSE,FALSE
IMG_0258.JPG,FALSE,FALSE
IMG_0270.JPG,FALSE,FALSE
IMG_0264.JPG,FALSE,FALSE
IMG_0489.JPG,FALSE,FALSE
IMG_0338.JPG,FALSE,FALSE
IMG_0476.JPG,FALSE,FALSE
IMG_0310.JPG,FALSE,FALSE
IMG_0477.JPG,FALSE,FALSE
IMG_0305.JPG,FALSE,FALSE
IMG_0488.JPG,FALSE,FALSE
IMG_0265.JPG,FALSE,FALSE
IMG_0073.JPG,FALSE,FALSE
IMG_0098.JPG,FALSE,FALSE
IMG_0056.JPG,FALSE,FALSE
IMG_0042.JPG,FALSE,FALSE
IMG_0297.JPG,FALSE,FALSE
IMG_0254.JPG,FALSE,FALSE
IMG_0268.JPG,FALSE,FALSE
IMG_0485.JPG,FALSE,FALSE
IMG_0446.JPG,FALSE,FALSE
IMG_0320.JPG,FALSE,FALSE
IMG_0334.JPG,FALSE,FALSE
IMG_0308.JPG,FALSE,FALSE
IMG_0122.JPG,FALSE,FALSE
IMG_0136.JPG,FALSE,FALSE
IMG_0137.JPG,FALSE,FALSE
IMG_0309.JPG,FALSE,FALSE
IMG_0453.JPG,FALSE,FALSE
IMG_0321.JPG,FALSE,FALSE
IMG_0484.JPG,FALSE,Not found
IMG_0269.JPG,FALSE,Not found
IMG_0296.JPG,FALSE,Not found
IMG_0057.JPG,FALSE,Not found
IMG_0041.JPG,FALSE,Not found
IMG_0069.JPG,FALSE,Not found
IMG_0294.JPG,FALSE,Not found
IMG_0257.JPG,FALSE,Not found
IMG_0492.JPG,FALSE,Not found
IMG_0486.JPG,FALSE,Not found
IMG_0337.JPG,FALSE,Not found
IMG_0121.JPG,FALSE,Not found
IMG_0120.JPG,FALSE,Not found
IMG_0134.JPG,FALSE,Not found
IMG_0478.JPG,FALSE,FALSE
IMG_0322.JPG,FALSE,FALSE
IMG_0444.JPG,FALSE,FALSE
IMG_0450.JPG,FALSE,FALSE
IMG_0493.JPG,FALSE,FALSE
IMG_0256.JPG,FALSE,FALSE
IMG_0068.JPG,FALSE,FALSE
IMG_0040.JPG,FALSE,FALSE
IMG_0097.JPG,FALSE,FALSE
IMG_0252.JPG,FALSE,FALSE
IMG_0332.JPG,FALSE,FALSE
IMG_0454.JPG,FALSE,FALSE
IMG_0118.JPG,FALSE,FALSE
IMG_0124.JPG,FALSE,FALSE
IMG_0125.JPG,FALSE,FALSE
IMG_0333.JPG,FALSE,FALSE
IMG_0482.JPG,FALSE,FALSE
IMG_0253.JPG,FALSE,FALSE
IMG_0290.JPG,FALSE,FALSE
IMG_0092.JPG,FALSE,FALSE
IMG_0090.JPG,FALSE,Not found
IMG_0292.JPG,FALSE,Not found
IMG_0480.JPG,FALSE,Not found
IMG_0494.JPG,FALSE,Not found
IMG_0133.JPG,FALSE,Not found
IMG_0132.JPG,FALSE,Not found
IMG_0330.JPG,FALSE,Not found
IMG_0481.JPG,FALSE,Not found
IMG_0244.JPG,FALSE,Not found
IMG_0250.JPG,FALSE,Not found
IMG_0278.JPG,FALSE,Not found
IMG_0293.JPG,FALSE,Not found
IMG_0021.JPG,FALSE,Not found
IMG_0237.JPG,FALSE,Not found
IMG_0357.JPG,FALSE,FALSE
IMG_0141.JPG,FALSE,FALSE
IMG_0154.JPG,FALSE,FALSE
IMG_0197.JPG,FALSE,FALSE
IMG_0430.JPG,FALSE,FALSE
IMG_0356.JPG,FALSE,FALSE
IMG_0342.JPG,FALSE,FALSE
IMG_0034.JPG,FALSE,FALSE
IMG_0022.JPG,FALSE,FALSE
IMG_0036.JPG,FALSE,FALSE
IMG_0340.JPG,FALSE,FALSE
IMG_0142.JPG,FALSE,FALSE
IMG_0341.JPG,FALSE,FALSE
IMG_0433.JPG,FALSE,FALSE
IMG_0382.JPG,FALSE,FALSE
IMG_0037.JPG,FALSE,FALSE
IMG_0225.JPG,FALSE,FALSE
IMG_0392.JPG,FALSE,FALSE
IMG_0437.JPG,FALSE,FALSE
IMG_0184.JPG,FALSE,FALSE
IMG_0146.JPG,FALSE,FALSE
IMG_0185.JPG,FALSE,FALSE
IMG_0344.JPG,FALSE,FALSE
IMG_0350.JPG,FALSE,FALSE
IMG_0230.JPG,FALSE,FALSE
IMG_0224.JPG,FALSE,FALSE
IMG_0026.JPG,FALSE,FALSE
IMG_0018.JPG,FALSE,FALSE
IMG_0030.JPG,FALSE,FALSE
IMG_0024.JPG,FALSE,FALSE
IMG_0226.JPG,FALSE,FALSE
IMG_0408.JPG,FALSE,FALSE
IMG_0420.JPG,FALSE,FALSE
IMG_0434.JPG,FALSE,FALSE
IMG_0178.JPG,FALSE,FALSE
IMG_0144.JPG,FALSE,FALSE
IMG_0150.JPG,FALSE,FALSE
IMG_0145.JPG,FALSE,FALSE
IMG_0186.JPG,FALSE,FALSE
IMG_0409.JPG,FALSE,FALSE
IMG_0384.JPG,FALSE,FALSE
IMG_0025.JPG,FALSE,FALSE
IMG_0160.JPG,FALSE,FALSE
IMG_0065.JPG,FALSE,FALSE
IMG_0138.JPG,FALSE,FALSE
IMG_0182.JPG,FALSE,FALSE
IMG_0181.JPG,FALSE,FALSE
IMG_0180.JPG,FALSE,FALSE
IMG_0216.JPG,FALSE,FALSE
IMG_0405.JPG,FALSE,FALSE
IMG_0217.JPG,FALSE,FALSE
IMG_0406.JPG,FALSE,FALSE
IMG_0360.JPG,FALSE,FALSE
IMG_0016.JPG,FALSE,FALSE
IMG_0329.JPG,FALSE,FALSE
IMG_0328.JPG,FALSE,FALSE
IMG_0248.JPG,FALSE,TRUE
IMG_0449.JPG,FALSE,FALSE
IMG_0448.JPG,FALSE,FALSE
IMG_0058.JPG,FALSE,FALSE
IMG_0445.JPG,FALSE,FALSE
IMG_0246.JPG,FALSE,FALSE
IMG_0326.JPG,FALSE,FALSE
IMG_0245.JPG,FALSE,FALSE
IMG_0325.JPG,FALSE,FALSE
IMG_0324.JPG,FALSE,FALSE
IMG_0222.JPG,FALSE,FALSE
IMG_0020.JPG,FALSE,FALSE
IMG_0220.JPG,FALSE,FALSE
IMG_0354.JPG,FALSE,FALSE
IMG_0221.JPG,FALSE,FALSE
IMG_0345.JPG,FALSE,FALSE
IMG_0218.JPG,FALSE,FALSE
IMG_0346.JPG,FALSE,FALSE
IMG_0352.JPG,FALSE,FALSE
IMG_0353.JPG,FALSE,FALSE
IMG_0010.JPG,TRUE,TRUE
IMG_0490.JPG,TRUE,FALSE
IMG_0009.JPG,TRUE,TRUE
IMG_0008.JPG,TRUE,TRUE
IMG_0410.JPG,FALSE,FALSE
IMG_0196.JPG,FALSE,FALSE
IMG_0028.JPG,FALSE,FALSE
IMG_0202.JPG,FALSE,FALSE
IMG_0029.JPG,FALSE,FALSE
IMG_0201.JPG,FALSE,FALSE
IMG_0188.JPG,FALSE,FALSE
IMG_0189.JPG,FALSE,FALSE
IMG_0214.JPG,FALSE,FALSE
IMG_0200.JPG,FALSE,FALSE
IMG_0210.JPG,FALSE,FALSE
IMG_0370.JPG,FALSE,FALSE
IMG_0213.JPG,FALSE,FALSE
IMG_0212.JPG,FALSE,FALSE
IMG_0077.JPG,FALSE,FALSE
IMG_0076.JPG,FALSE,FALSE
IMG_0048.JPG,FALSE,FALSE
IMG_0289.JPG,FALSE,FALSE
IMG_0470.JPG,FALSE,FALSE
IMG_0458.JPG,FALSE,FALSE
IMG_0288.JPG,FALSE,FALSE
IMG_0049.JPG,FALSE,FALSE
IMG_0304.JPG,FALSE,FALSE
IMG_0240.JPG,FALSE,FALSE
IMG_0452.JPG,FALSE,FALSE
IMG_0241.JPG,FALSE,FALSE
IMG_0336.JPG,FALSE,FALSE
IMG_0242.JPG,FALSE,FALSE
IMG_0054.JPG,FALSE,FALSE
IMG_0078.JPG,FALSE,FALSE
IMG_0044.JPG,FALSE,FALSE
IMG_0050.JPG,FALSE,FALSE
IMG_0285.JPG,FALSE,FALSE
IMG_0468.JPG,FALSE,FALSE
IMG_0440.JPG,FALSE,FALSE
IMG_0441.JPG,FALSE,FALSE
IMG_0469.JPG,FALSE,FALSE
IMG_0284.JPG,FALSE,FALSE
IMG_0045.JPG,FALSE,FALSE
IMG_0053.JPG,FALSE,FALSE
IMG_0286.JPG,FALSE,FALSE
IMG_0457.JPG,FALSE,FALSE
IMG_0456.JPG,FALSE,FALSE
IMG_0442.JPG,FALSE,FALSE
IMG_0046.JPG,FALSE,FALSE
IMG_0052.JPG,FALSE,FALSE
IMG_0140.JPG,FALSE,FALSE
IMG_0236.JPG,FALSE,FALSE
IMG_0208.JPG,FALSE,FALSE
IMG_0432.JPG,FALSE,FALSE
IMG_0368.JPG,FALSE,FALSE
IMG_0369.JPG,FALSE,FALSE
IMG_0209.JPG,FALSE,FALSE
IMG_0033.JPG,FALSE,FALSE
IMG_0190.JPG,FALSE,FALSE
IMG_0153.JPG,FALSE,FALSE
IMG_0152.JPG,FALSE,FALSE
IMG_0436.JPG,FALSE,FALSE
IMG_0032.JPG,FALSE,FALSE
DSCF0018.JPG,FALSE,FALSE
DSCF0019.JPG,FALSE,FALSE
DSCF0020.JPG,FALSE,FALSE
DSCF0013.JPG,FALSE,FALSE
DSCF0014.JPG,FALSE,FALSE
DSCF0015.JPG,FALSE,FALSE
DSCF0001.JPG,FALSE,FALSE
DSCF0017.JPG,FALSE,TRUE
DSCF0002.JPG,FALSE,TRUE
DSCF0016.JPG,FALSE,FALSE
DSCF0021.JPG,TRUE,TRUE
DSCF0008.JPG,FALSE,FALSE
DSCF0353.JPG,FALSE,Not found
DSCF0169.JPG,FALSE,Not found
DSCF0354.JPG,FALSE,Not found
DSCF0209.JPG,FALSE,Not found
DSCF0355.JPG,FALSE,Not found
DSCF0210.JPG,FALSE,Not found
DSCF0205.JPG,FALSE,Not found
DSCF0211.JPG,FALSE,Not found
DSCF0173.JPG,FALSE,Not found
DSCF0171.JPG,FALSE,Not found
DSCF0207.JPG,FALSE,Not found
DSCF0206.JPG,FALSE,Not found
DSCF0170.JPG,FALSE,Not found
DSCF0174.JPG,FALSE,Not found
DSCF0175.JPG,FALSE,Not found
DSCF0009.JPG,FALSE,Not found
DSCF0197.JPG,FALSE,Not found
DSCF0195.JPG,FALSE,Not found
DSCF0497.JPG,FALSE,Not found
DSCF0078.JPG,FALSE,Not found
DSCF0079.JPG,FALSE,Not found
DSCF0331.JPG,FALSE,Not found
DSCF0457.JPG,FALSE,Not found
DSCF0090.JPG,FALSE,Not found
DSCF0091.JPG,FALSE,Not found
DSCF0330.JPG,FALSE,Not found
DSCF0297.JPG,FALSE,Not found
DSCF0269.JPG,FALSE,Not found
DSCF0337.JPG,FALSE,Not found
DSCF0475.JPG,FALSE,Not found
DSCF0313.JPG,FALSE,Not found
DSCF0501.JPG,FALSE,Not found
DSCF0474.JPG,FALSE,Not found
DSCF0338.JPG,FALSE,Not found
DSCF0099.JPG,FALSE,Not found
DSCF0502.JPG,FALSE,Not found
DSCF0270.JPG,FALSE,Not found
DSCF0271.JPG,FALSE,Not found
DSCF0503.JPG,FALSE,Not found
DSCF0339.JPG,FALSE,Not found
DSCF0473.JPG,FALSE,Not found
DSCF0315.JPG,FALSE,Not found
DSCF0329.JPG,FALSE,Not found
DSCF0498.JPG,FALSE,Not found
DSCF0063.JPG,FALSE,Not found
DSCF0077.JPG,FALSE,Not found
DSCF0089.JPG,FALSE,Not found
DSCF0062.JPG,FALSE,Not found
DSCF0499.JPG,FALSE,Not found
DSCF0314.JPG,FALSE,Not found
DSCF0458.JPG,FALSE,Not found
DSCF0061.JPG,FALSE,Not found
DSCF0459.JPG,FALSE,Not found
DSCF0199.JPG,FALSE,Not found
DSCF0006.JPG,FALSE,Not found
DSCF0007.JPG,FALSE,Not found
DSCF0198.JPG,FALSE,Not found
DSCF0005.JPG,FALSE,Not found
DSCF0011.JPG,FALSE,Not found
DSCF0010.JPG,FALSE,Not found
DSCF0405.JPG,FALSE,Not found
DSCF0407.JPG,FALSE,Not found
DSCF0406.JPG,FALSE,Not found
DSCF0185.JPG,FALSE,Not found
DSCF0187.JPG,FALSE,Not found
DSCF0186.JPG,FALSE,Not found
DSCF0141.JPG,FALSE,Not found
DSCF0142.JPG,FALSE,Not found
DSCF0143.JPG,FALSE,Not found
DSCF0293.JPG,FALSE,Not found
DSCF0137.JPG,FALSE,Not found
DSCF0069.JPG,FALSE,Not found
DSCF0294.JPG,FALSE,Not found
DSCF0295.JPG,FALSE,Not found
DSCF0139.JPG,FALSE,Not found
DSCF0071.JPG,FALSE,Not found
DSCF0065.JPG,FALSE,Not found
DSCF0070.JPG,FALSE,Not found
DSCF0138.JPG,FALSE,Not found
DSCF0066.JPG,FALSE,Not found
DSCF0073.JPG,FALSE,Not found
DSCF0067.JPG,FALSE,Not found
DSCF0074.JPG,FALSE,Not found
DSCF0075.JPG,FALSE,Not found
DSCF0033.JPG,FALSE,Not found
DSCF0027.JPG,FALSE,Not found
DSCF0225.JPG,FALSE,Not found
DSCF0026.JPG,FALSE,Not found
DSCF0393.JPG,FALSE,Not found
DSCF0391.JPG,FALSE,Not found
DSCF0226.JPG,FALSE,Not found
DSCF0227.JPG,FALSE,Not found
DSCF0025.JPG,FALSE,Not found
DSCF0390.JPG,FALSE,Not found
DSCF0394.JPG,FALSE,Not found
DSCF0021.JPG,FALSE,Not found
DSCF0035.JPG,FALSE,Not found
DSCF0034.JPG,FALSE,Not found
DSCF0395.JPG,FALSE,Not found
DSCF0397.JPG,FALSE,Not found
DSCF0022.JPG,FALSE,Not found
DSCF0023.JPG,FALSE,Not found
DSCF0454.JPG,FALSE,Not found
DSCF0483.JPG,FALSE,Not found
DSCF0050.JPG,FALSE,Not found
DSCF0285.JPG,FALSE,Not found
DSCF0051.JPG,FALSE,Not found
DSCF0482.JPG,FALSE,Not found
DSCF0455.JPG,FALSE,Not found
DSCF0494.JPG,FALSE,Not found
DSCF0053.JPG,FALSE,Not found
DSCF0279.JPG,FALSE,Not found
DSCF0286.JPG,FALSE,Not found
DSCF0287.JPG,FALSE,Not found
DSCF0278.JPG,FALSE,Not found
DSCF0481.JPG,FALSE,Not found
DSCF0495.JPG,FALSE,Not found
DSCF0283.JPG,FALSE,Not found
DSCF0282.JPG,FALSE,Not found
DSCF0453.JPG,FALSE,Not found
DSCF0479.JPG,FALSE,Not found
DSCF0055.JPG,FALSE,Not found
DSCF0281.JPG,FALSE,Not found
DSCF0054.JPG,FALSE,Not found
DSCF0493.JPG,FALSE,Not found
DSCF0478.JPG,FALSE,Not found
DSCF0267.JPG,FALSE,Not found
DSCF0266.JPG,FALSE,Not found
DSCF0265.JPG,FALSE,Not found
DSCF0477.JPG,FALSE,Not found
DSCF0277.JPG,FALSE,Not found
DSCF0049.JPG,FALSE,Not found
DSCF0402.JPG,FALSE,Not found
DSCF0403.JPG,FALSE,Not found
DSCF0373.JPG,FALSE,Not found
DSCF0401.JPG,FALSE,Not found
DSCF0398.JPG,FALSE,Not found
DSCF0399.JPG,FALSE,Not found
DSCF0362.JPG,FALSE,Not found
DSCF0389.JPG,FALSE,Not found
DSCF0363.JPG,FALSE,Not found
DSCF0361.JPG,FALSE,Not found
DSCF0375.JPG,FALSE,Not found
DSCF0374.JPG,FALSE,Not found
DSCF0193.JPG,TRUE,Not found
DSCF0194.JPG,TRUE,Not found
DSCF0509.JPG,TRUE,Not found
DSCF0510.JPG,TRUE,Not found
DSCF0511.JPG,TRUE,Not found
DSCF0001.JPG,TRUE,Not found
DSCF0003.JPG,TRUE,Not found
DSCF0002.JPG,TRUE,Not found
DSCF0251.JPG,FALSE,Not found
DSCF0250.JPG,FALSE,Not found
DSCF0249.JPG,FALSE,Not found
DSCF0381.JPG,FALSE,Not found
DSCF0383.JPG,FALSE,Not found
DSCF0382.JPG,FALSE,Not found
DSCF0321.JPG,FALSE,Not found
DSCF0323.JPG,FALSE,Not found
DSCF0322.JPG,FALSE,Not found
DSCF0246.JPG,TRUE,Not found
DSCF0247.JPG,TRUE,Not found
DSCF0245.JPG,TRUE,Not found
DSCF0379.JPG,FALSE,Not found
DSCF0345.JPG,FALSE,Not found
DSCF0147.JPG,FALSE,Not found
DSCF0153.JPG,FALSE,Not found
DSCF0190.JPG,FALSE,Not found
DSCF0219.JPG,FALSE,Not found
DSCF0231.JPG,FALSE,Not found
DSCF0230.JPG,FALSE,Not found
DSCF0218.JPG,FALSE,Not found
DSCF0191.JPG,FALSE,Not found
DSCF0146.JPG,FALSE,Not found
DSCF0378.JPG,FALSE,Not found
DSCF0346.JPG,FALSE,Not found
DSCF0178.JPG,FALSE,Not found
DSCF0150.JPG,FALSE,Not found
DSCF0018.JPG,FALSE,Not found
DSCF0030.JPG,FALSE,Not found
DSCF0233.JPG,FALSE,Not found
DSCF0031.JPG,FALSE,Not found
DSCF0019.JPG,FALSE,Not found
DSCF0145.JPG,FALSE,Not found
DSCF0151.JPG,FALSE,Not found
DSCF0179.JPG,FALSE,Not found
DSCF0347.JPG,FALSE,Not found
DSCF0409.JPG,FALSE,Not found
DSCF0357.JPG,FALSE,Not found
DSCF0343.JPG,FALSE,Not found
DSCF0419.JPG,FALSE,Not found
DSCF0155.JPG,FALSE,Not found
DSCF0182.JPG,FALSE,Not found
DSCF0223.JPG,FALSE,Not found
DSCF0237.JPG,FALSE,Not found
DSCF0222.JPG,FALSE,Not found
DSCF0183.JPG,FALSE,Not found
DSCF0154.JPG,FALSE,Not found
DSCF0418.JPG,FALSE,Not found
DSCF0342.JPG,FALSE,Not found
DSCF0181.JPG,FALSE,Not found
DSCF0234.JPG,FALSE,Not found
DSCF0221.JPG,FALSE,Not found
DSCF0235.JPG,FALSE,Not found
DSCF0037.JPG,FALSE,Not found
DSCF0157.JPG,FALSE,Not found
DSCF0369.JPG,FALSE,Not found
DSCF0341.JPG,FALSE,Not found
DSCF0326.JPG,FALSE,Not found
DSCF0291.JPG,FALSE,Not found
DSCF0290.JPG,FALSE,Not found
DSCF0253.JPG,FALSE,Not found
DSCF0045.JPG,FALSE,Not found
DSCF0333.JPG,FALSE,Not found
DSCF0327.JPG,FALSE,Not found
DSCF0319.JPG,FALSE,Not found
DSCF0325.JPG,FALSE,Not found
DSCF0133.JPG,FALSE,Not found
DSCF0047.JPG,FALSE,Not found
DSCF0046.JPG,FALSE,Not found
DSCF0318.JPG,FALSE,Not found
DSCF0334.JPG,FALSE,Not found
DSCF0491.JPG,FALSE,Not found
DSCF0485.JPG,FALSE,Not found
DSCF0042.JPG,FALSE,Not found
DSCF0254.JPG,FALSE,Not found
DSCF0255.JPG,FALSE,Not found
DSCF0241.JPG,FALSE,Not found
DSCF0057.JPG,FALSE,Not found
DSCF0043.JPG,FALSE,Not found
DSCF0490.JPG,FALSE,Not found
DSCF0335.JPG,FALSE,Not found
DSCF0486.JPG,FALSE,Not found
DSCF0135.JPG,FALSE,Not found
DSCF0041.JPG,FALSE,Not found
DSCF0257.JPG,FALSE,Not found
DSCF0243.JPG,FALSE,Not found
DSCF0242.JPG,FALSE,Not found
DSCF0134.JPG,FALSE,Not found
DSCF0487.JPG,FALSE,Not found
DSCF0059.JPG,FALSE,Not found
DSCF0273.JPG,FALSE,Not found
DSCF0058.JPG,FALSE,Not found
DSCF0489.JPG,FALSE,Not found
DSCF0258.JPG,FALSE,Not found
DSCF0259.JPG,FALSE,Not found
DSCF0507.JPG,FALSE,Not found
DSCF0275.JPG,FALSE,Not found
DSCF0274.JPG,FALSE,Not found
DSCF0506.JPG,FALSE,Not found
DSCF0289.JPG,FALSE,Not found
DSCF0505.JPG,FALSE,Not found
DSCF0317.JPG,FALSE,Not found
DSCF0358.JPG,FALSE,Not found
DSCF0370.JPG,FALSE,Not found
DSCF0238.JPG,FALSE,Not found
DSCF0239.JPG,FALSE,Not found
DSCF0013.JPG,FALSE,Not found
DSCF0371.JPG,FALSE,Not found
DSCF0417.JPG,FALSE,Not found
DSCF0365.JPG,FALSE,Not found
DSCF0359.JPG,FALSE,Not found
DSCF0367.JPG,FALSE,Not found
DSCF0159.JPG,FALSE,Not found
DSCF0039.JPG,FALSE,Not found
DSCF0213.JPG,FALSE,Not found
DSCF0038.JPG,FALSE,Not found
DSCF0158.JPG,FALSE,Not found
DSCF0366.JPG,FALSE,Not found
DSCF0410.JPG,FALSE,Not found
DSCF0014.JPG,FALSE,Not found
DSCF0202.JPG,FALSE,Not found
DSCF0217.JPG,FALSE,Not found
DSCF0203.JPG,FALSE,Not found
DSCF0029.JPG,FALSE,Not found
DSCF0015.JPG,FALSE,Not found
DSCF0149.JPG,FALSE,Not found
DSCF0161.JPG,FALSE,Not found
DSCF0377.JPG,FALSE,Not found
DSCF0411.JPG,FALSE,Not found
DSCF0163.JPG,FALSE,Not found
DSCF0177.JPG,FALSE,Not found
DSCF0017.JPG,FALSE,Not found
DSCF0215.JPG,FALSE,Not found
DSCF0201.JPG,FALSE,Not found
DSCF0229.JPG,FALSE,Not found
DSCF0214.JPG,FALSE,Not found
DSCF0189.JPG,FALSE,Not found
DSCF0162.JPG,FALSE,Not found
DSCF0006.JPG,FALSE,Not found
DSCF0007.JPG,FALSE,Not found
DSCF0005.JPG,FALSE,Not found
DSCF0021.JPG,FALSE,FALSE
DSCF0022.JPG,FALSE,TRUE
DSCF0023.JPG,FALSE,TRUE
DSCF0027.JPG,FALSE,TRUE
DSCF0026.JPG,FALSE,TRUE
DSCF0025.JPG,FALSE,TRUE
DSCF0009.JPG,FALSE,FALSE
DSCF0013.JPG,FALSE,TRUE
DSCF0011.JPG,FALSE,TRUE
DSCF0010.JPG,FALSE,FALSE
DSCF0014.JPG,FALSE,TRUE
DSCF0015.JPG,FALSE,TRUE
DSCF0030.JPG,TRUE,Not found
DSCF0031.JPG,TRUE,Not found
DSCF0029.JPG,TRUE,Not found
DSCF0001.JPG,TRUE,Not found
DSCF0003.JPG,TRUE,Not found
DSCF0002.JPG,TRUE,Not found
DSCF0018.JPG,FALSE,Not found
DSCF0019.JPG,FALSE,Not found
DSCF0017.JPG,FALSE,Not found
IMG_0362.JPG,FALSE,FALSE
IMG_0363.JPG,FALSE,FALSE
IMG_0361.JPG,FALSE,FALSE
IMG_0837.JPG,FALSE,FALSE
IMG_0103.JPG,FALSE,FALSE
IMG_0102.JPG,FALSE,FALSE
IMG_0101.JPG,FALSE,FALSE
IMG_1206.JPG,FALSE,FALSE
IMG_1207.JPG,FALSE,FALSE
IMG_1205.JPG,FALSE,FALSE
IMG_0839.JPG,FALSE,FALSE
IMG_0838.JPG,FALSE,FALSE
IMG_0969.JPG,FALSE,FALSE
IMG_0955.JPG,FALSE,FALSE
IMG_1493.JPG,FALSE,FALSE
IMG_0799.JPG,FALSE,FALSE
IMG_0941.JPG,FALSE,FALSE
IMG_1487.JPG,FALSE,FALSE
IMG_2165.JPG,FALSE,FALSE
IMG_0014.JPG,FALSE,FALSE
IMG_2603.JPG,FALSE,FALSE
IMG_2617.JPG,FALSE,FALSE
IMG_1478.JPG,FALSE,FALSE
IMG_2171.JPG,FALSE,FALSE
IMG_1450.JPG,FALSE,FALSE
IMG_2159.JPG,FALSE,FALSE
IMG_0982.JPG,FALSE,FALSE
IMG_1875.JPG,FALSE,FALSE
IMG_1691.JPG,FALSE,FALSE
IMG_2398.JPG,FALSE,FALSE
IMG_1685.JPG,FALSE,FALSE
IMG_2401.JPG,FALSE,FALSE
IMG_2367.JPG,FALSE,FALSE
IMG_2373.JPG,FALSE,FALSE
IMG_2415.JPG,FALSE,FALSE
IMG_1134.JPG,FALSE,FALSE
IMG_1646.JPG,FALSE,FALSE
IMG_2429.JPG,FALSE,FALSE
IMG_1901.JPG,FALSE,FALSE
IMG_1915.JPG,FALSE,FALSE
IMG_1083.JPG,FALSE,FALSE
IMG_1929.JPG,FALSE,FALSE
IMG_1097.JPG,FALSE,FALSE
IMG_2575.JPG,FALSE,FALSE
IMG_2213.JPG,FALSE,FALSE
IMG_2207.JPG,FALSE,FALSE
IMG_2561.JPG,FALSE,FALSE
IMG_2549.JPG,FALSE,FALSE
IMG_1726.JPG,FALSE,FALSE
IMG_1054.JPG,FALSE,FALSE
IMG_0821.JPG,FALSE,FALSE
IMG_0835.JPG,FALSE,FALSE
IMG_2011.JPG,FALSE,FALSE
IMG_1518.JPG,FALSE,FALSE
IMG_2005.JPG,FALSE,FALSE
IMG_1242.JPG,FALSE,FALSE
IMG_2039.JPG,FALSE,FALSE
IMG_1530.JPG,FALSE,FALSE
IMG_1257.JPG,FALSE,FALSE
IMG_1531.JPG,FALSE,FALSE
IMG_2038.JPG,FALSE,FALSE
IMG_1525.JPG,FALSE,FALSE
IMG_1243.JPG,FALSE,FALSE
IMG_1519.JPG,FALSE,FALSE
IMG_2010.JPG,FALSE,FALSE
IMG_0834.JPG,FALSE,FALSE
IMG_1733.JPG,FALSE,FALSE
IMG_1055.JPG,FALSE,FALSE
IMG_1041.JPG,FALSE,FALSE
IMG_1727.JPG,FALSE,FALSE
IMG_2206.JPG,FALSE,FALSE
IMG_1069.JPG,FALSE,FALSE
IMG_0377.JPG,FALSE,FALSE
IMG_2574.JPG,FALSE,FALSE
IMG_1082.JPG,FALSE,FALSE
IMG_1914.JPG,FALSE,FALSE
IMG_1647.JPG,FALSE,FALSE
IMG_1121.JPG,FALSE,FALSE
IMG_1135.JPG,FALSE,FALSE
IMG_1653.JPG,FALSE,FALSE
IMG_2414.JPG,FALSE,FALSE
IMG_2366.JPG,FALSE,FALSE
IMG_2399.JPG,FALSE,FALSE
IMG_1690.JPG,FALSE,FALSE
IMG_1874.JPG,FALSE,FALSE
IMG_1445.JPG,FALSE,FALSE
IMG_0983.JPG,FALSE,FALSE
IMG_2158.JPG,FALSE,FALSE
IMG_1451.JPG,FALSE,FALSE
IMG_0997.JPG,FALSE,FALSE
IMG_1337.JPG,FALSE,FALSE
IMG_2170.JPG,FALSE,FALSE
IMG_1479.JPG,FALSE,FALSE
IMG_0773.JPG,FALSE,FALSE
IMG_2602.JPG,FALSE,FALSE
IMG_0015.JPG,FALSE,FALSE
IMG_1486.JPG,FALSE,FALSE
IMG_0798.JPG,FALSE,FALSE
IMG_0954.JPG,FALSE,FALSE
IMG_0942.JPG,FALSE,FALSE
IMG_2199.JPG,FALSE,FALSE
IMG_1490.JPG,FALSE,FALSE
IMG_2614.JPG,FALSE,FALSE
IMG_0017.JPG,FALSE,FALSE
IMG_1309.JPG,FALSE,FALSE
IMG_2166.JPG,FALSE,FALSE
IMG_0981.JPG,FALSE,FALSE
IMG_1447.JPG,FALSE,FALSE
IMG_0759.JPG,FALSE,FALSE
IMG_1335.JPG,FALSE,FALSE
IMG_0995.JPG,FALSE,FALSE
IMG_1453.JPG,FALSE,FALSE
IMG_1862.JPG,FALSE,FALSE
IMG_1686.JPG,FALSE,FALSE
IMG_2370.JPG,FALSE,FALSE
IMG_1679.JPG,FALSE,FALSE
IMG_2402.JPG,FALSE,FALSE
IMG_0215.JPG,FALSE,FALSE
IMG_1123.JPG,FALSE,FALSE
IMG_1645.JPG,FALSE,FALSE
IMG_2358.JPG,FALSE,FALSE
IMG_1651.JPG,FALSE,FALSE
IMG_1137.JPG,FALSE,FALSE
IMG_1902.JPG,FALSE,FALSE
IMG_1094.JPG,FALSE,FALSE
IMG_2589.JPG,FALSE,FALSE
IMG_0375.JPG,FALSE,FALSE
IMG_2562.JPG,FALSE,FALSE
IMG_1719.JPG,FALSE,FALSE
IMG_2210.JPG,FALSE,FALSE
IMG_1057.JPG,FALSE,FALSE
IMG_1731.JPG,FALSE,FALSE
IMG_2238.JPG,FALSE,FALSE
IMG_1725.JPG,FALSE,FALSE
IMG_1043.JPG,FALSE,FALSE
IMG_0822.JPG,FALSE,FALSE
IMG_2006.JPG,FALSE,FALSE
IMG_1269.JPG,FALSE,FALSE
IMG_1533.JPG,FALSE,FALSE
IMG_1255.JPG,FALSE,FALSE
IMG_1241.JPG,FALSE,FALSE
IMG_1527.JPG,FALSE,FALSE
IMG_2749.JPG,FALSE,FALSE
IMG_1526.JPG,FALSE,FALSE
IMG_1254.JPG,FALSE,FALSE
IMG_2013.JPG,FALSE,FALSE
IMG_2007.JPG,FALSE,FALSE
IMG_2761.JPG,FALSE,FALSE
IMG_0823.JPG,FALSE,FALSE
IMG_1042.JPG,FALSE,FALSE
IMG_2239.JPG,FALSE,FALSE
IMG_1730.JPG,FALSE,FALSE
IMG_2211.JPG,FALSE,FALSE
IMG_1718.JPG,FALSE,FALSE
IMG_2563.JPG,FALSE,FALSE
IMG_0374.JPG,FALSE,FALSE
IMG_2205.JPG,FALSE,FALSE
IMG_1081.JPG,FALSE,FALSE
IMG_1095.JPG,FALSE,FALSE
IMG_1903.JPG,FALSE,FALSE
IMG_1917.JPG,FALSE,FALSE
IMG_1650.JPG,FALSE,FALSE
IMG_2359.JPG,FALSE,FALSE
IMG_1122.JPG,FALSE,FALSE
IMG_2365.JPG,FALSE,FALSE
IMG_0214.JPG,FALSE,FALSE
IMG_2403.JPG,FALSE,FALSE
IMG_2417.JPG,FALSE,FALSE
IMG_1678.JPG,FALSE,FALSE
IMG_2371.JPG,FALSE,FALSE
IMG_1687.JPG,FALSE,FALSE
IMG_1877.JPG,FALSE,FALSE
IMG_1863.JPG,FALSE,FALSE
IMG_1334.JPG,FALSE,FALSE
IMG_0994.JPG,FALSE,FALSE
IMG_0758.JPG,FALSE,FALSE
IMG_1446.JPG,FALSE,FALSE
IMG_2629.JPG,FALSE,FALSE
IMG_2601.JPG,FALSE,FALSE
IMG_2167.JPG,FALSE,FALSE
IMG_2173.JPG,FALSE,FALSE
IMG_2615.JPG,FALSE,TRUE
IMG_1491.JPG,FALSE,FALSE
IMG_0957.JPG,FALSE,FALSE
IMG_2198.JPG,FALSE,FALSE
IMG_1485.JPG,FALSE,FALSE
IMG_0943.JPG,FALSE,FALSE
IMG_1481.JPG,FALSE,FALSE
IMG_0947.JPG,FALSE,FALSE
IMG_1495.JPG,FALSE,FALSE
IMG_0953.JPG,FALSE,FALSE
IMG_1442.JPG,FALSE,FALSE
IMG_0990.JPG,FALSE,FALSE
IMG_2639.JPG,FALSE,FALSE
IMG_1330.JPG,FALSE,FALSE
IMG_2611.JPG,FALSE,FALSE
IMG_2177.JPG,FALSE,FALSE
IMG_2163.JPG,FALSE,FALSE
IMG_0774.JPG,FALSE,FALSE
IMG_2605.JPG,FALSE,FALSE
IMG_1683.JPG,FALSE,FALSE
IMG_1697.JPG,FALSE,FALSE
IMG_1867.JPG,FALSE,FALSE
IMG_1873.JPG,FALSE,FALSE
IMG_1898.JPG,FALSE,FALSE
IMG_2349.JPG,FALSE,FALSE
IMG_1126.JPG,FALSE,FALSE
IMG_1654.JPG,FALSE,FALSE
IMG_2375.JPG,FALSE,FALSE
IMG_0562.JPG,FALSE,FALSE
IMG_2413.JPG,FALSE,FALSE
IMG_2407.JPG,FALSE,FALSE
IMG_0210.JPG,FALSE,FALSE
IMG_2361.JPG,FALSE,FALSE
IMG_1091.JPG,FALSE,FALSE
IMG_2598.JPG,FALSE,FALSE
IMG_1085.JPG,FALSE,FALSE
IMG_1913.JPG,FALSE,FALSE
IMG_1907.JPG,FALSE,FALSE
IMG_1734.JPG,FALSE,FALSE
IMG_1046.JPG,FALSE,FALSE
IMG_2229.JPG,FALSE,FALSE
IMG_2201.JPG,FALSE,FALSE
IMG_0370.JPG,FALSE,FALSE
IMG_2567.JPG,FALSE,FALSE
IMG_2573.JPG,FALSE,FALSE
IMG_2215.JPG,FALSE,FALSE
IMG_0833.JPG,FALSE,FALSE
IMG_1250.JPG,FALSE,FALSE
IMG_2759.JPG,FALSE,FALSE
IMG_1522.JPG,FALSE,FALSE
IMG_2003.JPG,FALSE,FALSE
IMG_2017.JPG,FALSE,FALSE
IMG_2002.JPG,FALSE,FALSE
IMG_1523.JPG,FALSE,FALSE
IMG_1245.JPG,FALSE,FALSE
IMG_2758.JPG,FALSE,FALSE
IMG_1251.JPG,FALSE,FALSE
IMG_1537.JPG,FALSE,FALSE
IMG_0365.JPG,FALSE,FALSE
IMG_2214.JPG,FALSE,FALSE
IMG_1709.JPG,FALSE,FALSE
IMG_2566.JPG,FALSE,FALSE
IMG_0371.JPG,FALSE,FALSE
IMG_1047.JPG,FALSE,FALSE
IMG_1721.JPG,FALSE,FALSE
IMG_1735.JPG,FALSE,FALSE
IMG_1053.JPG,FALSE,FALSE
IMG_1906.JPG,FALSE,FALSE
IMG_2599.JPG,FALSE,FALSE
IMG_1090.JPG,FALSE,FALSE
IMG_0211.JPG,FALSE,FALSE
IMG_2406.JPG,FALSE,FALSE
IMG_0563.JPG,FALSE,FALSE
IMG_2374.JPG,FALSE,FALSE
IMG_1133.JPG,FALSE,FALSE
IMG_1655.JPG,FALSE,FALSE
IMG_1641.JPG,FALSE,FALSE
IMG_1899.JPG,FALSE,FALSE
IMG_1127.JPG,FALSE,FALSE
IMG_1866.JPG,FALSE,FALSE
IMG_1682.JPG,FALSE,FALSE
IMG_0775.JPG,FALSE,FALSE
IMG_2162.JPG,FALSE,FALSE
IMG_2610.JPG,FALSE,FALSE
IMG_0991.JPG,FALSE,FALSE
IMG_1457.JPG,FALSE,FALSE
IMG_1331.JPG,FALSE,FALSE
IMG_2638.JPG,FALSE,FALSE
IMG_1325.JPG,FALSE,FALSE
IMG_0985.JPG,FALSE,FALSE
IMG_1443.JPG,FALSE,FALSE
IMG_1494.JPG,FALSE,FALSE
IMG_2189.JPG,FALSE,FALSE
IMG_0946.JPG,FALSE,FALSE
IMG_0950.JPG,FALSE,FALSE
IMG_1482.JPG,FALSE,FALSE
IMG_1333.JPG,FALSE,FALSE
IMG_1455.JPG,FALSE,FALSE
IMG_0993.JPG,FALSE,FALSE
IMG_1441.JPG,FALSE,FALSE
IMG_0987.JPG,FALSE,FALSE
IMG_0039.JPG,FALSE,FALSE
IMG_1327.JPG,FALSE,FALSE
IMG_0011.JPG,FALSE,FALSE
IMG_2606.JPG,FALSE,FALSE
IMG_1469.JPG,FALSE,FALSE
IMG_2174.JPG,FALSE,FALSE
IMG_1694.JPG,FALSE,FALSE
IMG_2389.JPG,FALSE,TRUE
IMG_1858.JPG,FALSE,FALSE
IMG_1870.JPG,FALSE,FALSE
IMG_1131.JPG,FALSE,FALSE
IMG_2438.JPG,FALSE,FALSE
IMG_1125.JPG,FALSE,FALSE
IMG_1643.JPG,FALSE,FALSE
IMG_2362.JPG,FALSE,FALSE
IMG_0213.JPG,FALSE,FALSE
IMG_1119.JPG,FALSE,FALSE
IMG_1938.JPG,FALSE,FALSE
IMG_1086.JPG,FALSE,FALSE
IMG_1910.JPG,FALSE,FALSE
IMG_1723.JPG,FALSE,FALSE
IMG_1045.JPG,FALSE,FALSE
IMG_2558.JPG,FALSE,FALSE
IMG_1051.JPG,FALSE,FALSE
IMG_1737.JPG,FALSE,FALSE
IMG_2570.JPG,FALSE,FALSE
IMG_0367.JPG,FALSE,FALSE
IMG_1079.JPG,FALSE,FALSE
IMG_2202.JPG,FALSE,FALSE
IMG_0830.JPG,FALSE,FALSE
IMG_0818.JPG,FALSE,FALSE
IMG_1247.JPG,FALSE,FALSE
IMG_1521.JPG,FALSE,FALSE
IMG_1535.JPG,FALSE,FALSE
IMG_1253.JPG,FALSE,FALSE
IMG_2014.JPG,FALSE,FALSE
IMG_1509.JPG,FALSE,FALSE
IMG_2001.JPG,FALSE,FALSE
IMG_2767.JPG,FALSE,FALSE
IMG_2015.JPG,FALSE,FALSE
IMG_1534.JPG,FALSE,FALSE
IMG_1246.JPG,FALSE,FALSE
IMG_2029.JPG,FALSE,FALSE
IMG_0819.JPG,FALSE,FALSE
IMG_0831.JPG,FALSE,FALSE
IMG_2565.JPG,FALSE,FALSE
IMG_2203.JPG,FALSE,FALSE
IMG_2217.JPG,FALSE,FALSE
IMG_1078.JPG,FALSE,FALSE
IMG_0366.JPG,FALSE,FALSE
IMG_2571.JPG,FALSE,FALSE
IMG_1050.JPG,FALSE,FALSE
IMG_2559.JPG,FALSE,FALSE
IMG_1722.JPG,FALSE,FALSE
IMG_1911.JPG,FALSE,FALSE
IMG_1905.JPG,FALSE,FALSE
IMG_1093.JPG,FALSE,FALSE
IMG_1939.JPG,FALSE,FALSE
IMG_1087.JPG,FALSE,FALSE
IMG_1118.JPG,FALSE,FALSE
IMG_2377.JPG,FALSE,FALSE
IMG_2363.JPG,FALSE,FALSE
IMG_2405.JPG,FALSE,FALSE
IMG_1642.JPG,FALSE,FALSE
IMG_2439.JPG,FALSE,FALSE
IMG_1130.JPG,FALSE,FALSE
IMG_1865.JPG,FALSE,FALSE
IMG_1871.JPG,FALSE,FALSE
IMG_1859.JPG,FALSE,FALSE
IMG_1681.JPG,FALSE,FALSE
IMG_1695.JPG,FALSE,FALSE
IMG_2175.JPG,FALSE,FALSE
IMG_2613.JPG,FALSE,FALSE
IMG_2607.JPG,FALSE,FALSE
IMG_0010.JPG,FALSE,FALSE
IMG_2161.JPG,FALSE,FALSE
IMG_0986.JPG,FALSE,FALSE
IMG_2149.JPG,FALSE,FALSE
IMG_1326.JPG,FALSE,FALSE
IMG_0038.JPG,FALSE,FALSE
IMG_1454.JPG,FALSE,FALSE
IMG_0945.JPG,FALSE,FALSE
IMG_1483.JPG,FALSE,FALSE
IMG_0951.JPG,FALSE,FALSE
IMG_1497.JPG,FALSE,FALSE
IMG_0789.JPG,FALSE,FALSE
IMG_0922.JPG,FALSE,FALSE
IMG_1382.JPG,FALSE,FALSE
IMG_1369.JPG,FALSE,FALSE
IMG_2106.JPG,FALSE,FALSE
IMG_0705.JPG,FALSE,FALSE
IMG_2674.JPG,FALSE,FALSE
IMG_1355.JPG,FALSE,FALSE
IMG_1433.JPG,FALSE,FALSE
IMG_1427.JPG,FALSE,FALSE
IMG_0739.JPG,FALSE,FALSE
IMG_1341.JPG,FALSE,FALSE
IMG_1194.JPG,FALSE,FALSE
IMG_2489.JPG,FALSE,FALSE
IMG_2462.JPG,FALSE,FALSE
IMG_1619.JPG,FALSE,FALSE
IMG_2310.JPG,FALSE,FALSE
IMG_1631.JPG,FALSE,FALSE
IMG_2338.JPG,FALSE,TRUE
IMG_1157.JPG,FALSE,FALSE
IMG_0249.JPG,FALSE,FALSE
IMG_1143.JPG,FALSE,FALSE
IMG_1625.JPG,FALSE,FALSE
IMG_1962.JPG,FALSE,FALSE
IMG_2270.JPG,FALSE,FALSE
IMG_2502.JPG,FALSE,FALSE
IMG_0315.JPG,FALSE,FALSE
IMG_1023.JPG,FALSE,FALSE
IMG_1037.JPG,FALSE,FALSE
IMG_2258.JPG,FALSE,FALSE
IMG_1989.JPG,FALSE,FALSE
IMG_0842.JPG,FALSE,FALSE
IMG_2099.JPG,FALSE,FALSE
IMG_1590.JPG,FALSE,FALSE
IMG_2714.JPG,FALSE,FALSE
IMG_2066.JPG,FALSE,FALSE
IMG_0671.JPG,FALSE,FALSE
IMG_1209.JPG,FALSE,FALSE
IMG_0117.JPG,FALSE,FALSE
IMG_1221.JPG,FALSE,FALSE
IMG_1547.JPG,FALSE,FALSE
IMG_0881.JPG,FALSE,FALSE
IMG_1553.JPG,FALSE,FALSE
IMG_0895.JPG,FALSE,FALSE
IMG_1235.JPG,FALSE,FALSE
IMG_0894.JPG,FALSE,FALSE
IMG_1234.JPG,FALSE,FALSE
IMG_2729.JPG,FALSE,FALSE
IMG_1546.JPG,FALSE,FALSE
IMG_0670.JPG,FALSE,FALSE
IMG_2067.JPG,FALSE,FALSE
IMG_2701.JPG,FALSE,FALSE
IMG_2715.JPG,FALSE,FALSE
IMG_2073.JPG,FALSE,FALSE
IMG_0857.JPG,FALSE,FALSE
IMG_1591.JPG,FALSE,FALSE
IMG_2098.JPG,FALSE,FALSE
IMG_0843.JPG,FALSE,FALSE
IMG_1585.JPG,FALSE,FALSE
IMG_2259.JPG,FALSE,FALSE
IMG_1022.JPG,FALSE,FALSE
IMG_0314.JPG,FALSE,FALSE
IMG_2503.JPG,FALSE,FALSE
IMG_2265.JPG,FALSE,FALSE
IMG_2271.JPG,FALSE,FALSE
IMG_2517.JPG,FALSE,FALSE
IMG_1977.JPG,FALSE,FALSE
IMG_1963.JPG,FALSE,FALSE
IMG_1142.JPG,FALSE,FALSE
IMG_2339.JPG,FALSE,FALSE
IMG_1630.JPG,FALSE,FALSE
IMG_2477.JPG,FALSE,FALSE
IMG_2311.JPG,FALSE,FALSE
IMG_1618.JPG,FALSE,FALSE
IMG_2305.JPG,FALSE,FALSE
IMG_2463.JPG,FALSE,FALSE
IMG_1181.JPG,FALSE,FALSE
IMG_1195.JPG,FALSE,FALSE
IMG_1803.JPG,FALSE,FALSE
IMG_0738.JPG,FALSE,FALSE
IMG_1426.JPG,FALSE,FALSE
IMG_2649.JPG,FALSE,FALSE
IMG_1354.JPG,FALSE,FALSE
IMG_2113.JPG,FALSE,FALSE
IMG_2675.JPG,FALSE,FALSE
IMG_2661.JPG,FALSE,FALSE
IMG_2107.JPG,FALSE,FALSE
IMG_0923.JPG,FALSE,FALSE
IMG_1383.JPG,FALSE,FALSE
IMG_0089.JPG,FALSE,FALSE
IMG_1397.JPG,FALSE,FALSE
IMG_0937.JPG,FALSE,FALSE
IMG_0909.JPG,FALSE,FALSE
IMG_1381.JPG,FALSE,FALSE
IMG_0921.JPG,FALSE,FALSE
IMG_0935.JPG,FALSE,FALSE
IMG_1395.JPG,FALSE,FALSE
IMG_2677.JPG,FALSE,FALSE
IMG_2111.JPG,FALSE,FALSE
IMG_1418.JPG,FALSE,FALSE
IMG_2105.JPG,FALSE,FALSE
IMG_2663.JPG,FALSE,FALSE
IMG_1342.JPG,FALSE,FALSE
IMG_2139.JPG,FALSE,FALSE
IMG_1430.JPG,FALSE,FALSE
IMG_1815.JPG,FALSE,FALSE
IMG_1183.JPG,FALSE,FALSE
IMG_1197.JPG,FALSE,FALSE
IMG_2313.JPG,FALSE,FALSE
IMG_2475.JPG,FALSE,FALSE
IMG_2461.JPG,FALSE,FALSE
IMG_2307.JPG,FALSE,FALSE
IMG_1626.JPG,FALSE,FALSE
IMG_2449.JPG,FALSE,FALSE
IMG_1154.JPG,FALSE,FALSE
IMG_1975.JPG,FALSE,FALSE
IMG_1961.JPG,FALSE,FALSE
IMG_1949.JPG,FALSE,FALSE
IMG_2298.JPG,FALSE,FALSE
IMG_2267.JPG,FALSE,FALSE
IMG_2501.JPG,FALSE,FALSE
IMG_2515.JPG,FALSE,FALSE
IMG_2273.JPG,FALSE,FALSE
IMG_1034.JPG,FALSE,FALSE
IMG_1746.JPG,FALSE,FALSE
IMG_0869.JPG,FALSE,FALSE
IMG_1593.JPG,FALSE,FALSE
IMG_0855.JPG,FALSE,FALSE
IMG_1587.JPG,FALSE,FALSE
IMG_0841.JPG,FALSE,FALSE
IMG_0699.JPG,FALSE,FALSE
IMG_0114.JPG,FALSE,FALSE
IMG_2703.JPG,FALSE,FALSE
IMG_2065.JPG,FALSE,FALSE
IMG_1578.JPG,FALSE,FALSE
IMG_2071.JPG,FALSE,FALSE
IMG_2717.JPG,FALSE,FALSE
IMG_1550.JPG,FALSE,FALSE
IMG_2059.JPG,FALSE,FALSE
IMG_0882.JPG,FALSE,FALSE
IMG_1222.JPG,FALSE,FALSE
IMG_0883.JPG,FALSE,FALSE
IMG_1545.JPG,FALSE,FALSE
IMG_1223.JPG,FALSE,FALSE
IMG_0129.JPG,FALSE,FALSE
IMG_1237.JPG,FALSE,FALSE
IMG_2058.JPG,FALSE,FALSE
IMG_0897.JPG,FALSE,FALSE
IMG_1551.JPG,FALSE,FALSE
IMG_2070.JPG,FALSE,FALSE
IMG_1579.JPG,FALSE,FALSE
IMG_2702.JPG,FALSE,FALSE
IMG_0115.JPG,FALSE,FALSE
IMG_0673.JPG,FALSE,FALSE
IMG_1586.JPG,FALSE,FALSE
IMG_0854.JPG,FALSE,FALSE
IMG_1021.JPG,FALSE,FALSE
IMG_1747.JPG,FALSE,FALSE
IMG_1035.JPG,FALSE,FALSE
IMG_2514.JPG,FALSE,FALSE
IMG_2266.JPG,FALSE,FALSE
IMG_1009.JPG,FALSE,FALSE
IMG_0317.JPG,FALSE,FALSE
IMG_2299.JPG,FALSE,FALSE
IMG_1974.JPG,FALSE,FALSE
IMG_1155.JPG,FALSE,FALSE
IMG_1633.JPG,FALSE,FALSE
IMG_1627.JPG,FALSE,FALSE
IMG_1141.JPG,FALSE,FALSE
IMG_1169.JPG,FALSE,FALSE
IMG_2306.JPG,FALSE,FALSE
IMG_2474.JPG,FALSE,FALSE
IMG_1182.JPG,FALSE,FALSE
IMG_1814.JPG,FALSE,FALSE
IMG_1431.JPG,FALSE,FALSE
IMG_2138.JPG,FALSE,FALSE
IMG_1357.JPG,FALSE,FALSE
IMG_1343.JPG,FALSE,FALSE
IMG_1425.JPG,FALSE,FALSE
IMG_0713.JPG,FALSE,FALSE
IMG_2662.JPG,FALSE,FALSE
IMG_0707.JPG,FALSE,FALSE
IMG_1419.JPG,FALSE,FALSE
IMG_2110.JPG,FALSE,FALSE
IMG_0934.JPG,FALSE,FALSE
IMG_1394.JPG,FALSE,FALSE
IMG_2689.JPG,FALSE,FALSE
IMG_2699.JPG,FALSE,FALSE
IMG_1390.JPG,FALSE,FALSE
IMG_0930.JPG,FALSE,FALSE
IMG_0918.JPG,FALSE,FALSE
IMG_1347.JPG,FALSE,FALSE
IMG_1353.JPG,FALSE,FALSE
IMG_1435.JPG,FALSE,FALSE
IMG_2114.JPG,FALSE,FALSE
IMG_0703.JPG,FALSE,FALSE
IMG_2666.JPG,FALSE,FALSE
IMG_1409.JPG,FALSE,FALSE
IMG_1186.JPG,FALSE,FALSE
IMG_1838.JPG,FALSE,FALSE
IMG_1810.JPG,FALSE,FALSE
IMG_1145.JPG,FALSE,FALSE
IMG_1623.JPG,FALSE,FALSE
IMG_1637.JPG,FALSE,FALSE
IMG_2458.JPG,FALSE,FALSE
IMG_1151.JPG,FALSE,FALSE
IMG_2470.JPG,FALSE,FALSE
IMG_1179.JPG,FALSE,FALSE
IMG_2302.JPG,FALSE,FALSE
IMG_2289.JPG,FALSE,FALSE
IMG_1958.JPG,FALSE,FALSE
IMG_1970.JPG,FALSE,FALSE
IMG_1031.JPG,FALSE,FALSE
IMG_2538.JPG,FALSE,FALSE
IMG_1757.JPG,FALSE,FALSE
IMG_1743.JPG,FALSE,FALSE
IMG_0313.JPG,FALSE,FALSE
IMG_2262.JPG,FALSE,FALSE
IMG_1019.JPG,FALSE,FALSE
IMG_2510.JPG,FALSE,FALSE
IMG_0850.JPG,FALSE,FALSE
IMG_1582.JPG,FALSE,FALSE
IMG_0878.JPG,FALSE,FALSE
IMG_0893.JPG,FALSE,FALSE
IMG_1555.JPG,FALSE,FALSE
IMG_1233.JPG,FALSE,FALSE
IMG_1227.JPG,FALSE,FALSE
IMG_0887.JPG,FALSE,FALSE
IMG_1541.JPG,FALSE,FALSE
IMG_0677.JPG,FALSE,FALSE
IMG_1569.JPG,FALSE,FALSE
IMG_0111.JPG,FALSE,FALSE
IMG_2706.JPG,FALSE,FALSE
IMG_2074.JPG,FALSE,FALSE
IMG_2075.JPG,FALSE,FALSE
IMG_2061.JPG,FALSE,TRUE
IMG_2707.JPG,FALSE,FALSE
IMG_0110.JPG,FALSE,FALSE
IMG_1226.JPG,FALSE,FALSE
IMG_0886.JPG,FALSE,FALSE
IMG_2049.JPG,FALSE,FALSE
IMG_1554.JPG,FALSE,FALSE
IMG_0879.JPG,FALSE,FALSE
IMG_1583.JPG,FALSE,FALSE
IMG_0845.JPG,FALSE,FALSE
IMG_0689.JPG,FALSE,FALSE
IMG_1597.JPG,FALSE,FALSE
IMG_0851.JPG,FALSE,FALSE
IMG_2277.JPG,FALSE,FALSE
IMG_2511.JPG,FALSE,FALSE
IMG_1018.JPG,FALSE,FALSE
IMG_2505.JPG,FALSE,FALSE
IMG_2263.JPG,FALSE,FALSE
IMG_1742.JPG,FALSE,FALSE
IMG_2539.JPG,FALSE,FALSE
IMG_1030.JPG,FALSE,FALSE
IMG_1965.JPG,FALSE,FALSE
IMG_1971.JPG,FALSE,FALSE
IMG_1959.JPG,FALSE,FALSE
IMG_2303.JPG,FALSE,FALSE
IMG_2465.JPG,FALSE,FALSE
IMG_1178.JPG,FALSE,FALSE
IMG_2471.JPG,FALSE,FALSE
IMG_2317.JPG,FALSE,FALSE
IMG_1150.JPG,FALSE,FALSE
IMG_2459.JPG,FALSE,FALSE
IMG_1622.JPG,FALSE,FALSE
IMG_1811.JPG,FALSE,FALSE
IMG_1193.JPG,FALSE,FALSE
IMG_1187.JPG,FALSE,FALSE
IMG_1839.JPG,FALSE,FALSE
IMG_2667.JPG,FALSE,FALSE
IMG_2101.JPG,FALSE,FALSE
IMG_0702.JPG,FALSE,FALSE
IMG_2115.JPG,FALSE,FALSE
IMG_2673.JPG,FALSE,FALSE
IMG_1434.JPG,FALSE,FALSE
IMG_2129.JPG,FALSE,FALSE
IMG_1346.JPG,FALSE,FALSE
IMG_0919.JPG,FALSE,FALSE
IMG_1391.JPG,FALSE,FALSE
IMG_2698.JPG,FALSE,FALSE
IMG_0931.JPG,FALSE,FALSE
IMG_0925.JPG,FALSE,FALSE
IMG_1385.JPG,FALSE,FALSE
IMG_0933.JPG,FALSE,FALSE
IMG_1393.JPG,FALSE,FALSE
IMG_1387.JPG,FALSE,FALSE
IMG_0927.JPG,FALSE,FALSE
IMG_1350.JPG,FALSE,FALSE
IMG_2659.JPG,FALSE,FALSE
IMG_0714.JPG,FALSE,FALSE
IMG_2103.JPG,FALSE,FALSE
IMG_2665.JPG,FALSE,FALSE
IMG_1378.JPG,FALSE,FALSE
IMG_2671.JPG,FALSE,FALSE
IMG_2117.JPG,FALSE,FALSE
IMG_1191.JPG,FALSE,FALSE
IMG_2498.JPG,FALSE,FALSE
IMG_1185.JPG,FALSE,FALSE
IMG_1813.JPG,FALSE,FALSE
IMG_1807.JPG,FALSE,FALSE
IMG_1634.JPG,FALSE,FALSE
IMG_2329.JPG,FALSE,FALSE
IMG_1146.JPG,FALSE,FALSE
IMG_2467.JPG,FALSE,FALSE
IMG_2301.JPG,FALSE,FALSE
IMG_2315.JPG,FALSE,FALSE
IMG_2473.JPG,FALSE,FALSE
IMG_1967.JPG,FALSE,FALSE
IMG_1973.JPG,FALSE,FALSE
IMG_1998.JPG,FALSE,FALSE
IMG_2249.JPG,FALSE,FALSE
IMG_1754.JPG,FALSE,FALSE
IMG_2513.JPG,FALSE,FALSE
IMG_2275.JPG,FALSE,FALSE
IMG_2261.JPG,FALSE,FALSE
IMG_2507.JPG,FALSE,FALSE
IMG_0847.JPG,FALSE,FALSE
IMG_1581.JPG,FALSE,FALSE
IMG_0853.JPG,FALSE,FALSE
IMG_1595.JPG,FALSE,FALSE
IMG_1542.JPG,FALSE,FALSE
IMG_2739.JPG,FALSE,FALSE
IMG_1230.JPG,FALSE,FALSE
IMG_0890.JPG,FALSE,FALSE
IMG_2077.JPG,FALSE,FALSE
IMG_2711.JPG,FALSE,FALSE
IMG_1218.JPG,FALSE,FALSE
IMG_2063.JPG,FALSE,FALSE
IMG_0674.JPG,FALSE,FALSE
IMG_0675.JPG,FALSE,FALSE
IMG_2062.JPG,FALSE,FALSE
IMG_1219.JPG,FALSE,FALSE
IMG_2710.JPG,FALSE,FALSE
IMG_1231.JPG,FALSE,FALSE
IMG_2738.JPG,FALSE,FALSE
IMG_1557.JPG,FALSE,FALSE
IMG_0891.JPG,FALSE,FALSE
IMG_1543.JPG,FALSE,FALSE
IMG_0885.JPG,FALSE,FALSE
IMG_1225.JPG,FALSE,FALSE
IMG_1594.JPG,FALSE,FALSE
IMG_2089.JPG,FALSE,FALSE
IMG_0846.JPG,FALSE,FALSE
IMG_2506.JPG,FALSE,FALSE
IMG_2274.JPG,FALSE,FALSE
IMG_1755.JPG,FALSE,FALSE
IMG_1033.JPG,FALSE,FALSE
IMG_1027.JPG,FALSE,FALSE
IMG_1999.JPG,FALSE,FALSE
IMG_1741.JPG,FALSE,FALSE
IMG_1966.JPG,FALSE,FALSE
IMG_2314.JPG,FALSE,FALSE
IMG_2466.JPG,FALSE,FALSE
IMG_1609.JPG,FALSE,FALSE
IMG_1621.JPG,FALSE,FALSE
IMG_1147.JPG,FALSE,FALSE
IMG_1153.JPG,FALSE,FALSE
IMG_1635.JPG,FALSE,FALSE
IMG_1806.JPG,FALSE,FALSE
IMG_2499.JPG,FALSE,FALSE
IMG_1190.JPG,FALSE,FALSE
IMG_2670.JPG,FALSE,FALSE
IMG_1379.JPG,FALSE,FALSE
IMG_0701.JPG,FALSE,FALSE
IMG_2102.JPG,FALSE,FALSE
IMG_0715.JPG,FALSE,FALSE
IMG_1345.JPG,FALSE,FALSE
IMG_2658.JPG,FALSE,FALSE
IMG_1351.JPG,FALSE,FALSE
IMG_1386.JPG,FALSE,FALSE
IMG_0926.JPG,FALSE,FALSE
IMG_2682.JPG,FALSE,FALSE
IMG_0917.JPG,FALSE,FALSE
IMG_0903.JPG,FALSE,FALSE
IMG_2641.JPG,FALSE,FALSE
IMG_2127.JPG,FALSE,FALSE
IMG_2133.JPG,FALSE,FALSE
IMG_2655.JPG,FALSE,FALSE
IMG_0042.JPG,FALSE,FALSE
IMG_1374.JPG,FALSE,FALSE
IMG_1406.JPG,FALSE,FALSE
IMG_2669.JPG,FALSE,FALSE
IMG_1189.JPG,FALSE,FALSE
IMG_2494.JPG,FALSE,FALSE
IMG_1823.JPG,FALSE,FALSE
IMG_2325.JPG,FALSE,FALSE
IMG_2443.JPG,FALSE,FALSE
IMG_2457.JPG,FALSE,FALSE
IMG_2331.JPG,FALSE,FALSE
IMG_1638.JPG,FALSE,FALSE
IMG_2319.JPG,FALSE,FALSE
IMG_1610.JPG,FALSE,FALSE
IMG_1162.JPG,FALSE,FALSE
IMG_1943.JPG,FALSE,FALSE
IMG_1957.JPG,FALSE,FALSE
IMG_2286.JPG,FALSE,FALSE
IMG_1758.JPG,FALSE,FALSE
IMG_2251.JPG,FALSE,FALSE
IMG_2537.JPG,FALSE,FALSE
IMG_2523.JPG,FALSE,FALSE
IMG_1994.JPG,FALSE,FALSE
IMG_1002.JPG,FALSE,FALSE
IMG_2279.JPG,FALSE,FALSE
IMG_1599.JPG,FALSE,FALSE
IMG_2090.JPG,FALSE,FALSE
IMG_0863.JPG,FALSE,FALSE
IMG_0877.JPG,FALSE,FALSE
IMG_2735.JPG,FALSE,FALSE
IMG_2053.JPG,FALSE,FALSE
IMG_2047.JPG,FALSE,FALSE
IMG_2721.JPG,FALSE,FALSE
IMG_0678.JPG,FALSE,FALSE
IMG_1566.JPG,FALSE,FALSE
IMG_1214.JPG,FALSE,FALSE
IMG_1573.JPG,FALSE,FALSE
IMG_1215.JPG,FALSE,FALSE
IMG_1201.JPG,FALSE,FALSE
IMG_1567.JPG,FALSE,FALSE
IMG_0679.JPG,FALSE,FALSE
IMG_2046.JPG,FALSE,FALSE
IMG_0889.JPG,FALSE,FALSE
IMG_0137.JPG,FALSE,FALSE
IMG_1229.JPG,FALSE,FALSE
IMG_2734.JPG,FALSE,FALSE
IMG_0862.JPG,FALSE,FALSE
IMG_2085.JPG,FALSE,FALSE
IMG_2091.JPG,FALSE,FALSE
IMG_1598.JPG,FALSE,FALSE
IMG_1017.JPG,FALSE,FALSE
IMG_2278.JPG,FALSE,FALSE
IMG_1765.JPG,FALSE,FALSE
IMG_1003.JPG,FALSE,FALSE
IMG_2522.JPG,FALSE,FALSE
IMG_1995.JPG,FALSE,FALSE
IMG_2250.JPG,FALSE,FALSE
IMG_1981.JPG,FALSE,FALSE
IMG_1759.JPG,FALSE,FALSE
IMG_0321.JPG,FALSE,FALSE
IMG_2287.JPG,FALSE,FALSE
IMG_1942.JPG,FALSE,FALSE
IMG_2293.JPG,FALSE,FALSE
IMG_1163.JPG,FALSE,FALSE
IMG_1605.JPG,FALSE,FALSE
IMG_1611.JPG,FALSE,FALSE
IMG_2318.JPG,FALSE,FALSE
IMG_1177.JPG,FALSE,FALSE
IMG_1639.JPG,FALSE,FALSE
IMG_2330.JPG,FALSE,FALSE
IMG_2442.JPG,FALSE,FALSE
IMG_2495.JPG,FALSE,FALSE
IMG_1822.JPG,FALSE,FALSE
IMG_2481.JPG,FALSE,FALSE
IMG_1407.JPG,FALSE,FALSE
IMG_1361.JPG,FALSE,FALSE
IMG_1375.JPG,FALSE,FALSE
IMG_1413.JPG,FALSE,FALSE
IMG_0043.JPG,FALSE,FALSE
IMG_2654.JPG,FALSE,FALSE
IMG_1349.JPG,FALSE,FALSE
IMG_2126.JPG,FALSE,FALSE
IMG_0902.JPG,FALSE,FALSE
IMG_2697.JPG,FALSE,FALSE
IMG_2683.JPG,FALSE,FALSE
IMG_0082.JPG,FALSE,FALSE
IMG_2695.JPG,FALSE,FALSE
IMG_2681.JPG,FALSE,FALSE
IMG_0914.JPG,FALSE,FALSE
IMG_0041.JPG,FALSE,FALSE
IMG_2130.JPG,FALSE,FALSE
IMG_0055.JPG,FALSE,FALSE
IMG_2642.JPG,FALSE,FALSE
IMG_1363.JPG,FALSE,FALSE
IMG_1405.JPG,FALSE,FALSE
IMG_1411.JPG,FALSE,FALSE
IMG_2118.JPG,FALSE,FALSE
IMG_1377.JPG,FALSE,FALSE
IMG_2497.JPG,FALSE,FALSE
IMG_2483.JPG,FALSE,FALSE
IMG_1834.JPG,FALSE,FALSE
IMG_2454.JPG,FALSE,FALSE
IMG_1149.JPG,FALSE,FALSE
IMG_2326.JPG,FALSE,FALSE
IMG_1607.JPG,FALSE,FALSE
IMG_1161.JPG,FALSE,FALSE
IMG_1175.JPG,FALSE,FALSE
IMG_1613.JPG,FALSE,FALSE
IMG_1954.JPG,FALSE,FALSE
IMG_2285.JPG,FALSE,FALSE
IMG_2291.JPG,FALSE,FALSE
IMG_1997.JPG,FALSE,FALSE
IMG_1029.JPG,FALSE,FALSE
IMG_2534.JPG,FALSE,FALSE
IMG_0323.JPG,FALSE,FALSE
IMG_1983.JPG,FALSE,FALSE
IMG_1015.JPG,FALSE,FALSE
IMG_1001.JPG,FALSE,FALSE
IMG_1767.JPG,FALSE,FALSE
IMG_2087.JPG,FALSE,FALSE
IMG_0690.JPG,FALSE,FALSE
IMG_2093.JPG,FALSE,FALSE
IMG_0874.JPG,FALSE,FALSE
IMG_2722.JPG,FALSE,FALSE
IMG_0135.JPG,FALSE,FALSE
IMG_2050.JPG,FALSE,FALSE
IMG_1559.JPG,FALSE,FALSE
IMG_1217.JPG,FALSE,FALSE
IMG_0109.JPG,FALSE,FALSE
IMG_2078.JPG,FALSE,FALSE
IMG_1571.JPG,FALSE,FALSE
IMG_1565.JPG,FALSE,FALSE
IMG_1203.JPG,FALSE,FALSE
IMG_1202.JPG,FALSE,FALSE
IMG_1570.JPG,FALSE,FALSE
IMG_2079.JPG,FALSE,FALSE
IMG_1558.JPG,FALSE,FALSE
IMG_2051.JPG,FALSE,FALSE
IMG_2737.JPG,FALSE,FALSE
IMG_0134.JPG,FALSE,FALSE
IMG_2723.JPG,FALSE,FALSE
IMG_2045.JPG,FALSE,FALSE
IMG_0861.JPG,FALSE,FALSE
IMG_0875.JPG,FALSE,FALSE
IMG_0691.JPG,FALSE,FALSE
IMG_0849.JPG,FALSE,FALSE
IMG_2086.JPG,FALSE,FALSE
IMG_2509.JPG,FALSE,FALSE
IMG_1766.JPG,FALSE,FALSE
IMG_1014.JPG,FALSE,FALSE
IMG_0322.JPG,FALSE,FALSE
IMG_2535.JPG,FALSE,FALSE
IMG_2253.JPG,FALSE,FALSE
IMG_1982.JPG,FALSE,FALSE
IMG_2521.JPG,FALSE,FALSE
IMG_1969.JPG,FALSE,FALSE
IMG_1941.JPG,FALSE,FALSE
IMG_2290.JPG,FALSE,FALSE
IMG_1955.JPG,FALSE,FALSE
IMG_1174.JPG,FALSE,FALSE
IMG_1606.JPG,FALSE,FALSE
IMG_2469.JPG,FALSE,FALSE
IMG_2441.JPG,FALSE,FALSE
IMG_2327.JPG,FALSE,FALSE
IMG_2333.JPG,FALSE,FALSE
IMG_2455.JPG,FALSE,FALSE
IMG_1809.JPG,FALSE,FALSE
IMG_2482.JPG,FALSE,FALSE
IMG_1835.JPG,FALSE,FALSE
IMG_1821.JPG,FALSE,FALSE
IMG_2119.JPG,FALSE,FALSE
IMG_1410.JPG,FALSE,FALSE
IMG_1362.JPG,FALSE,FALSE
IMG_2125.JPG,FALSE,FALSE
IMG_2643.JPG,FALSE,FALSE
IMG_0054.JPG,FALSE,FALSE
IMG_2657.JPG,FALSE,FALSE
IMG_2131.JPG,FALSE,FALSE
IMG_0915.JPG,FALSE,FALSE
IMG_0901.JPG,FALSE,FALSE
IMG_0929.JPG,FALSE,FALSE
IMG_1389.JPG,FALSE,FALSE
IMG_2694.JPG,FALSE,FALSE
IMG_0083.JPG,FALSE,FALSE
IMG_0905.JPG,FALSE,FALSE
IMG_0911.JPG,FALSE,FALSE
IMG_0939.JPG,FALSE,FALSE
IMG_1399.JPG,FALSE,FALSE
IMG_0087.JPG,FALSE,FALSE
IMG_2690.JPG,FALSE,FALSE
IMG_2109.JPG,FALSE,FALSE
IMG_0078.JPG,FALSE,FALSE
IMG_1366.JPG,FALSE,FALSE
IMG_1414.JPG,FALSE,FALSE
IMG_2135.JPG,FALSE,FALSE
IMG_2653.JPG,FALSE,FALSE
IMG_2647.JPG,FALSE,FALSE
IMG_2121.JPG,FALSE,FALSE
IMG_1819.JPG,FALSE,FALSE
IMG_1831.JPG,FALSE,FALSE
IMG_2486.JPG,FALSE,FALSE
IMG_1602.JPG,FALSE,FALSE
IMG_1170.JPG,FALSE,FALSE
IMG_2479.JPG,FALSE,FALSE
IMG_1158.JPG,FALSE,FALSE
IMG_2451.JPG,FALSE,FALSE
IMG_2337.JPG,FALSE,FALSE
IMG_2323.JPG,FALSE,FALSE
IMG_2445.JPG,FALSE,FALSE
IMG_1979.JPG,FALSE,FALSE
IMG_1951.JPG,FALSE,FALSE
IMG_2294.JPG,FALSE,FALSE
IMG_1945.JPG,FALSE,FALSE
IMG_2519.JPG,FALSE,FALSE
IMG_1010.JPG,FALSE,FALSE
IMG_1762.JPG,FALSE,FALSE
IMG_2525.JPG,FALSE,FALSE
IMG_2243.JPG,FALSE,FALSE
IMG_1986.JPG,FALSE,FALSE
IMG_2257.JPG,FALSE,FALSE
IMG_1038.JPG,FALSE,FALSE
IMG_0871.JPG,FALSE,FALSE
IMG_0865.JPG,FALSE,FALSE
IMG_2082.JPG,FALSE,FALSE
IMG_0695.JPG,FALSE,FALSE
IMG_0859.JPG,FALSE,FALSE
IMG_0681.JPG,FALSE,FALSE
IMG_1574.JPG,FALSE,FALSE
IMG_0118.JPG,FALSE,FALSE
IMG_2069.JPG,FALSE,FALSE
IMG_2041.JPG,FALSE,FALSE
IMG_2727.JPG,FALSE,FALSE
IMG_0130.JPG,FALSE,FALSE
IMG_2733.JPG,FALSE,FALSE
IMG_2055.JPG,FALSE,FALSE
IMG_0125.JPG,FALSE,FALSE
IMG_2054.JPG,FALSE,FALSE
IMG_1549.JPG,FALSE,FALSE
IMG_0131.JPG,FALSE,FALSE
IMG_2726.JPG,FALSE,FALSE
IMG_0119.JPG,FALSE,FALSE
IMG_1561.JPG,FALSE,FALSE
IMG_1575.JPG,FALSE,FALSE
IMG_1213.JPG,FALSE,FALSE
IMG_2097.JPG,FALSE,FALSE
IMG_0858.JPG,FALSE,FALSE
IMG_0694.JPG,FALSE,FALSE
IMG_2083.JPG,FALSE,FALSE
IMG_0870.JPG,FALSE,FALSE
IMG_1987.JPG,FALSE,FALSE
IMG_1039.JPG,FALSE,FALSE
IMG_1993.JPG,FALSE,FALSE
IMG_2242.JPG,FALSE,FALSE
IMG_1763.JPG,FALSE,FALSE
IMG_1005.JPG,FALSE,FALSE
IMG_1011.JPG,FALSE,FALSE
IMG_2518.JPG,FALSE,FALSE
IMG_2295.JPG,FALSE,FALSE
IMG_2281.JPG,FALSE,FALSE
IMG_1950.JPG,FALSE,FALSE
IMG_1978.JPG,FALSE,FALSE
IMG_2322.JPG,FALSE,FALSE
IMG_2450.JPG,FALSE,FALSE
IMG_1159.JPG,FALSE,FALSE
IMG_1617.JPG,FALSE,FALSE
IMG_2478.JPG,FALSE,FALSE
IMG_1171.JPG,FALSE,FALSE
IMG_1165.JPG,FALSE,FALSE
IMG_1603.JPG,FALSE,FALSE
IMG_1830.JPG,FALSE,FALSE
IMG_2487.JPG,FALSE,FALSE
IMG_2493.JPG,FALSE,FALSE
IMG_1818.JPG,FALSE,FALSE
IMG_2646.JPG,FALSE,FALSE
IMG_0051.JPG,FALSE,FALSE
IMG_0737.JPG,FALSE,FALSE
IMG_1429.JPG,FALSE,FALSE
IMG_2134.JPG,FALSE,FALSE
IMG_1373.JPG,FALSE,FALSE
IMG_1415.JPG,FALSE,FALSE
IMG_1401.JPG,FALSE,FALSE
IMG_1367.JPG,FALSE,FALSE
IMG_0079.JPG,FALSE,FALSE
IMG_2685.JPG,FALSE,FALSE
IMG_0938.JPG,FALSE,FALSE
IMG_2691.JPG,FALSE,FALSE
IMG_0086.JPG,FALSE,FALSE
IMG_1398.JPG,FALSE,FALSE
IMG_0910.JPG,FALSE,FALSE
IMG_0906.JPG,FALSE,FALSE
IMG_2687.JPG,FALSE,FALSE
IMG_2693.JPG,FALSE,FALSE
IMG_2678.JPG,FALSE,FALSE
IMG_1371.JPG,FALSE,FALSE
IMG_1365.JPG,FALSE,FALSE
IMG_1403.JPG,FALSE,FALSE
IMG_2122.JPG,FALSE,FALSE
IMG_0053.JPG,FALSE,FALSE
IMG_2650.JPG,FALSE,FALSE
IMG_0047.JPG,FALSE,FALSE
IMG_1359.JPG,FALSE,FALSE
IMG_2485.JPG,FALSE,FALSE
IMG_1826.JPG,FALSE,FALSE
IMG_2491.JPG,FALSE,FALSE
IMG_1198.JPG,FALSE,FALSE
IMG_1173.JPG,FALSE,FALSE
IMG_1615.JPG,FALSE,FALSE
IMG_1601.JPG,FALSE,FALSE
IMG_1167.JPG,FALSE,FALSE
IMG_2446.JPG,FALSE,FALSE
IMG_0251.JPG,FALSE,FALSE
IMG_1629.JPG,FALSE,FALSE
IMG_2334.JPG,FALSE,FALSE
IMG_2297.JPG,FALSE,FALSE
IMG_1946.JPG,FALSE,FALSE
IMG_2283.JPG,FALSE,FALSE
IMG_0319.JPG,FALSE,FALSE
IMG_1007.JPG,FALSE,FALSE
IMG_1013.JPG,FALSE,FALSE
IMG_1985.JPG,FALSE,FALSE
IMG_2254.JPG,FALSE,FALSE
IMG_1991.JPG,FALSE,FALSE
IMG_2526.JPG,FALSE,FALSE
IMG_0866.JPG,FALSE,FALSE
IMG_0682.JPG,FALSE,FALSE
IMG_2095.JPG,FALSE,FALSE
IMG_2081.JPG,FALSE,FALSE
IMG_1563.JPG,FALSE,FALSE
IMG_1211.JPG,FALSE,FALSE
IMG_2718.JPG,FALSE,FALSE
IMG_0669.JPG,FALSE,FALSE
IMG_1577.JPG,FALSE,FALSE
IMG_0899.JPG,FALSE,FALSE
IMG_1239.JPG,FALSE,FALSE
IMG_2730.JPG,FALSE,FALSE
IMG_0133.JPG,FALSE,FALSE
IMG_2042.JPG,FALSE,FALSE
IMG_2725.JPG,FALSE,FALSE
IMG_2043.JPG,FALSE,FALSE
IMG_0898.JPG,FALSE,FALSE
IMG_2057.JPG,FALSE,FALSE
IMG_2731.JPG,FALSE,FALSE
IMG_1238.JPG,FALSE,FALSE
IMG_2719.JPG,FALSE,FALSE
IMG_1210.JPG,FALSE,FALSE
IMG_1562.JPG,FALSE,FALSE
IMG_1589.JPG,FALSE,FALSE
IMG_2094.JPG,FALSE,FALSE
IMG_0683.JPG,FALSE,FALSE
IMG_0873.JPG,FALSE,FALSE
IMG_0867.JPG,FALSE,FALSE
IMG_1990.JPG,FALSE,FALSE
IMG_2241.JPG,FALSE,FALSE
IMG_2527.JPG,FALSE,FALSE
IMG_2533.JPG,FALSE,FALSE
IMG_2255.JPG,FALSE,FALSE
IMG_1006.JPG,FALSE,FALSE
IMG_0318.JPG,FALSE,FALSE
IMG_2269.JPG,FALSE,FALSE
IMG_2282.JPG,FALSE,FALSE
IMG_1953.JPG,FALSE,FALSE
IMG_1947.JPG,FALSE,FALSE
IMG_2335.JPG,FALSE,FALSE
IMG_2453.JPG,FALSE,FALSE
IMG_0250.JPG,FALSE,FALSE
IMG_2447.JPG,FALSE,FALSE
IMG_2321.JPG,FALSE,FALSE
IMG_2309.JPG,FALSE,FALSE
IMG_1166.JPG,FALSE,FALSE
IMG_1614.JPG,FALSE,FALSE
IMG_1827.JPG,FALSE,FALSE
IMG_1199.JPG,FALSE,FALSE
IMG_2490.JPG,FALSE,FALSE
IMG_1358.JPG,FALSE,FALSE
IMG_0046.JPG,FALSE,FALSE
IMG_2651.JPG,FALSE,FALSE
IMG_2137.JPG,FALSE,FALSE
IMG_2123.JPG,FALSE,FALSE
IMG_2645.JPG,FALSE,FALSE
IMG_1402.JPG,FALSE,FALSE
IMG_1370.JPG,FALSE,FALSE
IMG_2679.JPG,FALSE,FALSE
IMG_0085.JPG,FALSE,FALSE
IMG_2686.JPG,FALSE,FALSE
IMG_0907.JPG,FALSE,FALSE
IMG_0913.JPG,FALSE,FALSE
IMG_2187.JPG,FALSE,FALSE
IMG_0790.JPG,FALSE,FALSE
IMG_2193.JPG,FALSE,FALSE
IMG_0974.JPG,FALSE,FALSE
IMG_2622.JPG,FALSE,FALSE
IMG_0035.JPG,FALSE,FALSE
IMG_2150.JPG,FALSE,FALSE
IMG_1459.JPG,FALSE,FALSE
IMG_0747.JPG,FALSE,FALSE
IMG_2178.JPG,FALSE,FALSE
IMG_1471.JPG,FALSE,FALSE
IMG_0009.JPG,FALSE,FALSE
IMG_1303.JPG,FALSE,FALSE
IMG_1465.JPG,FALSE,FALSE
IMG_1854.JPG,FALSE,FALSE
IMG_2385.JPG,FALSE,FALSE
IMG_2391.JPG,FALSE,FALSE
IMG_1698.JPG,FALSE,FALSE
IMG_1129.JPG,FALSE,FALSE
IMG_2346.JPG,FALSE,FALSE
IMG_1897.JPG,FALSE,FALSE
IMG_1883.JPG,FALSE,FALSE
IMG_2434.JPG,FALSE,FALSE
IMG_0223.JPG,FALSE,FALSE
IMG_1115.JPG,FALSE,FALSE
IMG_1667.JPG,FALSE,FALSE
IMG_1101.JPG,FALSE,FALSE
IMG_2597.JPG,FALSE,FALSE
IMG_2583.JPG,FALSE,FALSE
IMG_2554.JPG,FALSE,FALSE
IMG_2226.JPG,FALSE,FALSE
IMG_1049.JPG,FALSE,FALSE
IMG_1061.JPG,FALSE,FALSE
IMG_1707.JPG,FALSE,FALSE
IMG_1713.JPG,FALSE,FALSE
IMG_1075.JPG,FALSE,FALSE
IMG_1539.JPG,FALSE,FALSE
IMG_2030.JPG,FALSE,FALSE
IMG_0141.JPG,FALSE,FALSE
IMG_2742.JPG,FALSE,FALSE
IMG_1505.JPG,FALSE,FALSE
IMG_1263.JPG,FALSE,FALSE
IMG_1511.JPG,FALSE,FALSE
IMG_2018.JPG,FALSE,FALSE
IMG_2019.JPG,FALSE,FALSE
IMG_1510.JPG,FALSE,FALSE
IMG_1262.JPG,FALSE,FALSE
IMG_2743.JPG,FALSE,FALSE
IMG_2025.JPG,FALSE,FALSE
IMG_2031.JPG,FALSE,FALSE
IMG_1538.JPG,FALSE,FALSE
IMG_2757.JPG,FALSE,FALSE
IMG_0801.JPG,FALSE,FALSE
IMG_0829.JPG,FALSE,FALSE
IMG_1074.JPG,FALSE,FALSE
IMG_2569.JPG,FALSE,FALSE
IMG_1706.JPG,FALSE,FALSE
IMG_2227.JPG,FALSE,FALSE
IMG_2541.JPG,FALSE,FALSE
IMG_2555.JPG,FALSE,FALSE
IMG_2233.JPG,FALSE,FALSE
IMG_1909.JPG,FALSE,FALSE
IMG_2582.JPG,FALSE,FALSE
IMG_0381.JPG,FALSE,FALSE
IMG_1921.JPG,FALSE,FALSE
IMG_1666.JPG,FALSE,FALSE
IMG_1114.JPG,FALSE,FALSE
IMG_2353.JPG,FALSE,FALSE
IMG_1882.JPG,FALSE,FALSE
IMG_0222.JPG,FALSE,FALSE
IMG_2435.JPG,FALSE,FALSE
IMG_2421.JPG,FALSE,FALSE
IMG_2347.JPG,FALSE,FALSE
IMG_1869.JPG,FALSE,FALSE
IMG_1699.JPG,FALSE,FALSE
IMG_2390.JPG,FALSE,FALSE
IMG_1855.JPG,FALSE,FALSE
IMG_1470.JPG,FALSE,FALSE
IMG_2179.JPG,FALSE,FALSE
IMG_2637.JPG,FALSE,FALSE
IMG_0746.JPG,FALSE,FALSE
IMG_1458.JPG,FALSE,FALSE
IMG_2151.JPG,FALSE,FALSE
IMG_2145.JPG,FALSE,FALSE
IMG_0034.JPG,FALSE,FALSE
IMG_2623.JPG,FALSE,FALSE
IMG_0961.JPG,FALSE,FALSE
IMG_0975.JPG,FALSE,FALSE
IMG_0785.JPG,FALSE,FALSE
IMG_0949.JPG,FALSE,FALSE
IMG_0791.JPG,FALSE,FALSE
IMG_2186.JPG,FALSE,FALSE
IMG_0787.JPG,FALSE,FALSE
IMG_1499.JPG,FALSE,FALSE
IMG_2190.JPG,FALSE,FALSE
IMG_0793.JPG,FALSE,FALSE
IMG_0963.JPG,FALSE,FALSE
IMG_2153.JPG,FALSE,FALSE
IMG_0022.JPG,FALSE,FALSE
IMG_2635.JPG,FALSE,FALSE
IMG_2621.JPG,FALSE,FALSE
IMG_2147.JPG,FALSE,FALSE
IMG_1466.JPG,FALSE,FALSE
IMG_0778.JPG,FALSE,FALSE
IMG_2609.JPG,FALSE,FALSE
IMG_1314.JPG,FALSE,FALSE
IMG_2386.JPG,FALSE,FALSE
IMG_2437.JPG,FALSE,FALSE
IMG_1658.JPG,FALSE,FALSE
IMG_2351.JPG,FALSE,FALSE
IMG_2345.JPG,FALSE,FALSE
IMG_1894.JPG,FALSE,FALSE
IMG_2423.JPG,FALSE,FALSE
IMG_1102.JPG,FALSE,FALSE
IMG_2379.JPG,FALSE,FALSE
IMG_1089.JPG,FALSE,FALSE
IMG_1937.JPG,FALSE,FALSE
IMG_1923.JPG,FALSE,FALSE
IMG_2594.JPG,FALSE,FALSE
IMG_0383.JPG,FALSE,FALSE
IMG_2543.JPG,FALSE,FALSE
IMG_2225.JPG,FALSE,FALSE
IMG_2231.JPG,FALSE,FALSE
IMG_1738.JPG,FALSE,FALSE
IMG_2219.JPG,FALSE,FALSE
IMG_1710.JPG,FALSE,FALSE
IMG_1062.JPG,FALSE,FALSE
IMG_0803.JPG,FALSE,FALSE
IMG_2027.JPG,FALSE,FALSE
IMG_2741.JPG,FALSE,FALSE
IMG_2033.JPG,FALSE,FALSE
IMG_1274.JPG,FALSE,FALSE
IMG_2769.JPG,FALSE,FALSE
IMG_1506.JPG,FALSE,FALSE
IMG_1261.JPG,FALSE,FALSE
IMG_1507.JPG,FALSE,FALSE
IMG_1513.JPG,FALSE,FALSE
IMG_1275.JPG,FALSE,FALSE
IMG_2026.JPG,FALSE,FALSE
IMG_1249.JPG,FALSE,FALSE
IMG_0802.JPG,FALSE,FALSE
IMG_1705.JPG,FALSE,FALSE
IMG_1063.JPG,FALSE,FALSE
IMG_1077.JPG,FALSE,FALSE
IMG_0369.JPG,FALSE,FALSE
IMG_1711.JPG,FALSE,FALSE
IMG_2218.JPG,FALSE,FALSE
IMG_1739.JPG,FALSE,FALSE
IMG_2230.JPG,FALSE,FALSE
IMG_2542.JPG,FALSE,FALSE
IMG_1922.JPG,FALSE,FALSE
IMG_0382.JPG,FALSE,FALSE
IMG_2595.JPG,FALSE,FALSE
IMG_2581.JPG,FALSE,FALSE
IMG_2378.JPG,FALSE,FALSE
IMG_1103.JPG,FALSE,FALSE
IMG_1665.JPG,FALSE,FALSE
IMG_1895.JPG,FALSE,FALSE
IMG_2422.JPG,FALSE,FALSE
IMG_2350.JPG,FALSE,FALSE
IMG_1659.JPG,FALSE,FALSE
IMG_1881.JPG,FALSE,FALSE
IMG_2387.JPG,FALSE,FALSE
IMG_2393.JPG,FALSE,FALSE
IMG_1315.JPG,FALSE,FALSE
IMG_1473.JPG,FALSE,FALSE
IMG_0779.JPG,FALSE,FALSE
IMG_1467.JPG,FALSE,FALSE
IMG_1329.JPG,FALSE,FALSE
IMG_0037.JPG,FALSE,FALSE
IMG_2146.JPG,FALSE,FALSE
IMG_0989.JPG,FALSE,FALSE
IMG_2634.JPG,FALSE,FALSE
IMG_0023.JPG,FALSE,FALSE
IMG_0962.JPG,FALSE,FALSE
IMG_2185.JPG,FALSE,FALSE
IMG_2191.JPG,FALSE,FALSE
IMG_1498.JPG,FALSE,FALSE
IMG_0786.JPG,FALSE,FALSE
IMG_0966.JPG,FALSE,FALSE
IMG_2195.JPG,FALSE,FALSE
IMG_2181.JPG,FALSE,FALSE
IMG_1477.JPG,FALSE,FALSE
IMG_1311.JPG,FALSE,FALSE
IMG_2618.JPG,FALSE,FALSE
IMG_0027.JPG,FALSE,FALSE
IMG_1339.JPG,FALSE,FALSE
IMG_2630.JPG,FALSE,FALSE
IMG_0999.JPG,FALSE,FALSE
IMG_2142.JPG,FALSE,FALSE
IMG_2397.JPG,FALSE,FALSE
IMG_1846.JPG,FALSE,FALSE
IMG_2383.JPG,FALSE,FALSE
IMG_1661.JPG,FALSE,TRUE
IMG_1107.JPG,FALSE,FALSE
IMG_1885.JPG,FALSE,FALSE
IMG_2354.JPG,FALSE,FALSE
IMG_2426.JPG,FALSE,FALSE
IMG_1891.JPG,FALSE,FALSE
IMG_1649.JPG,FALSE,FALSE
IMG_2585.JPG,FALSE,FALSE
IMG_2591.JPG,FALSE,FALSE
IMG_1098.JPG,FALSE,FALSE
IMG_1926.JPG,FALSE,FALSE
IMG_1715.JPG,FALSE,FALSE
IMG_1073.JPG,FALSE,FALSE
IMG_0379.JPG,FALSE,FALSE
IMG_1067.JPG,FALSE,FALSE
IMG_1701.JPG,FALSE,FALSE
IMG_1729.JPG,FALSE,FALSE
IMG_2546.JPG,FALSE,FALSE
IMG_2234.JPG,FALSE,FALSE
IMG_1271.JPG,FALSE,FALSE
IMG_1517.JPG,FALSE,FALSE
IMG_1503.JPG,FALSE,FALSE
IMG_1265.JPG,FALSE,FALSE
IMG_2022.JPG,FALSE,FALSE
IMG_2750.JPG,FALSE,FALSE
IMG_1259.JPG,FALSE,FALSE
IMG_2037.JPG,FALSE,FALSE
IMG_1258.JPG,FALSE,FALSE
IMG_2751.JPG,FALSE,FALSE
IMG_2745.JPG,FALSE,FALSE
IMG_2023.JPG,FALSE,FALSE
IMG_1502.JPG,FALSE,FALSE
IMG_1270.JPG,FALSE,FALSE
IMG_0807.JPG,FALSE,FALSE
IMG_2553.JPG,FALSE,FALSE
IMG_2235.JPG,FALSE,FALSE
IMG_2221.JPG,FALSE,FALSE
IMG_2547.JPG,FALSE,FALSE
IMG_1066.JPG,FALSE,FALSE
IMG_0378.JPG,FALSE,FALSE
IMG_2209.JPG,FALSE,FALSE
IMG_1714.JPG,FALSE,FALSE
IMG_1099.JPG,FALSE,FALSE
IMG_2590.JPG,FALSE,FALSE
IMG_1927.JPG,FALSE,FALSE
IMG_1933.JPG,FALSE,FALSE
IMG_2427.JPG,FALSE,FALSE
IMG_2341.JPG,FALSE,FALSE
IMG_2355.JPG,FALSE,FALSE
IMG_2433.JPG,FALSE,FALSE
IMG_2369.JPG,FALSE,FALSE
IMG_1106.JPG,FALSE,FALSE
IMG_2382.JPG,FALSE,FALSE
IMG_1847.JPG,FALSE,FALSE
IMG_2143.JPG,FALSE,FALSE
IMG_2625.JPG,FALSE,FALSE
IMG_2631.JPG,FALSE,FALSE
IMG_1338.JPG,FALSE,FALSE
IMG_0026.JPG,FALSE,FALSE
IMG_0998.JPG,FALSE,FALSE
IMG_2157.JPG,FALSE,FALSE
IMG_2619.JPG,FALSE,FALSE
IMG_1310.JPG,FALSE,FALSE
IMG_1489.JPG,FALSE,FALSE
IMG_0797.JPG,FALSE,FALSE
IMG_2194.JPG,FALSE,FALSE
IMG_0973.JPG,FALSE,FALSE
IMG_0967.JPG,FALSE,FALSE
IMG_0971.JPG,FALSE,FALSE
IMG_0965.JPG,FALSE,FALSE
IMG_2182.JPG,FALSE,FALSE
IMG_0795.JPG,FALSE,FALSE
IMG_0781.JPG,FALSE,FALSE
IMG_0959.JPG,FALSE,FALSE
IMG_1474.JPG,FALSE,FALSE
IMG_2169.JPG,FALSE,FALSE
IMG_0018.JPG,FALSE,FALSE
IMG_2627.JPG,FALSE,FALSE
IMG_0030.JPG,FALSE,FALSE
IMG_2141.JPG,FALSE,FALSE
IMG_2155.JPG,FALSE,FALSE
IMG_0742.JPG,FALSE,FALSE
IMG_2633.JPG,FALSE,FALSE
IMG_1879.JPG,FALSE,FALSE
IMG_1689.JPG,FALSE,FALSE
IMG_1851.JPG,FALSE,FALSE
IMG_2394.JPG,FALSE,FALSE
IMG_2419.JPG,FALSE,FALSE
IMG_1110.JPG,FALSE,FALSE
IMG_1662.JPG,FALSE,FALSE
IMG_2343.JPG,FALSE,FALSE
IMG_2425.JPG,FALSE,FALSE
IMG_2431.JPG,FALSE,FALSE
IMG_1138.JPG,FALSE,FALSE
IMG_1886.JPG,FALSE,FALSE
IMG_2357.JPG,FALSE,FALSE
IMG_1919.JPG,FALSE,FALSE
IMG_1925.JPG,FALSE,FALSE
IMG_2586.JPG,FALSE,FALSE
IMG_1931.JPG,FALSE,FALSE
IMG_1702.JPG,FALSE,FALSE
IMG_1070.JPG,FALSE,FALSE
IMG_2237.JPG,FALSE,FALSE
IMG_1058.JPG,FALSE,FALSE
IMG_2551.JPG,FALSE,FALSE
IMG_2545.JPG,FALSE,FALSE
IMG_2223.JPG,FALSE,FALSE
IMG_1266.JPG,FALSE,FALSE
IMG_2009.JPG,FALSE,FALSE
IMG_1514.JPG,FALSE,FALSE
IMG_2035.JPG,FALSE,FALSE
IMG_2021.JPG,FALSE,Not found
IMG_2747.JPG,FALSE,Not found
IMG_1529.JPG,FALSE,Not found
IMG_2746.JPG,FALSE,Not found
IMG_2034.JPG,FALSE,Not found
IMG_1515.JPG,FALSE,FALSE
IMG_1273.JPG,FALSE,FALSE
IMG_1267.JPG,FALSE,FALSE
IMG_1501.JPG,FALSE,FALSE
IMG_2222.JPG,FALSE,FALSE
IMG_2550.JPG,FALSE,FALSE
IMG_1059.JPG,FALSE,FALSE
IMG_1071.JPG,FALSE,FALSE
IMG_1717.JPG,FALSE,FALSE
IMG_1703.JPG,FALSE,FALSE
IMG_1065.JPG,FALSE,FALSE
IMG_2587.JPG,FALSE,FALSE
IMG_1930.JPG,FALSE,FALSE
IMG_2593.JPG,FALSE,FALSE
IMG_1918.JPG,FALSE,FALSE
IMG_1139.JPG,FALSE,FALSE
IMG_2430.JPG,FALSE,FALSE
IMG_1887.JPG,FALSE,FALSE
IMG_1893.JPG,FALSE,FALSE
IMG_2342.JPG,FALSE,TRUE
IMG_1105.JPG,FALSE,FALSE
IMG_1663.JPG,FALSE,FALSE
IMG_1677.JPG,FALSE,FALSE
IMG_1111.JPG,FALSE,FALSE
IMG_2418.JPG,FALSE,FALSE
IMG_2395.JPG,FALSE,FALSE
IMG_2381.JPG,FALSE,FALSE
IMG_1850.JPG,FALSE,FALSE
IMG_1878.JPG,FALSE,FALSE
IMG_0743.JPG,FALSE,FALSE
IMG_2154.JPG,FALSE,FALSE
IMG_0031.JPG,FALSE,FALSE
IMG_2626.JPG,FALSE,FALSE
IMG_0757.JPG,FALSE,FALSE
IMG_1449.JPG,FALSE,FALSE
IMG_0019.JPG,FALSE,FALSE
IMG_1313.JPG,FALSE,FALSE
IMG_1475.JPG,FALSE,FALSE
IMG_2197.JPG,FALSE,FALSE
IMG_0958.JPG,FALSE,FALSE
IMG_0794.JPG,FALSE,FALSE
IMG_2183.JPG,FALSE,FALSE
IMG_0970.JPG,FALSE,FALSE
IMG_1693.JPG,FALSE,FALSE
IMG_0139.JPG,FALSE,FALSE
IMG_0138.JPG,FALSE,FALSE
IMG_1889.JPG,FALSE,FALSE
IMG_2705.JPG,FALSE,FALSE
IMG_2245.JPG,FALSE,FALSE
IMG_2246.JPG,FALSE,FALSE
IMG_2247.JPG,FALSE,FALSE
IMG_0127.JPG,FALSE,FALSE
IMG_0126.JPG,FALSE,FALSE
IMG_0782.JPG,FALSE,FALSE
IMG_1890.JPG,FALSE,FALSE
IMG_0783.JPG,FALSE,FALSE
IMG_1673.JPG,FALSE,FALSE
IMG_1675.JPG,FALSE,FALSE
IMG_1674.JPG,FALSE,FALSE
IMG_1322.JPG,TRUE,FALSE
IMG_1281.JPG,TRUE,TRUE
IMG_1295.JPG,TRUE,TRUE
IMG_2763.JPG,TRUE,TRUE
IMG_2762.JPG,TRUE,FALSE
IMG_1294.JPG,TRUE,TRUE
IMG_1323.JPG,TRUE,FALSE
IMG_0001.JPG,TRUE,FALSE
IMG_0003.JPG,TRUE,FALSE
IMG_1321.JPG,TRUE,TRUE
IMG_1282.JPG,TRUE,FALSE
IMG_1283.JPG,TRUE,FALSE
IMG_1297.JPG,TRUE,FALSE
IMG_0002.JPG,TRUE,TRUE
IMG_1318.JPG,TRUE,TRUE
IMG_1293.JPG,TRUE,FALSE
IMG_1287.JPG,TRUE,FALSE
IMG_2765.JPG,TRUE,TRUE
IMG_1278.JPG,TRUE,TRUE
IMG_1279.JPG,TRUE,TRUE
IMG_1286.JPG,TRUE,TRUE
IMG_1319.JPG,TRUE,TRUE
IMG_1290.JPG,TRUE,TRUE
IMG_2766.JPG,TRUE,TRUE
IMG_1291.JPG,TRUE,TRUE
IMG_1285.JPG,TRUE,TRUE
IMG_1317.JPG,TRUE,FALSE
IMG_1277.JPG,TRUE,FALSE
IMG_1289.JPG,TRUE,FALSE
IMG_1302.JPG,TRUE,FALSE
IMG_1301.JPG,TRUE,FALSE
IMG_1305.JPG,TRUE,TRUE
IMG_1306.JPG,TRUE,TRUE
IMG_1299.JPG,TRUE,TRUE
IMG_1298.JPG,TRUE,TRUE
IMG_1307.JPG,TRUE,TRUE
IMG_0221.JPG,FALSE,TRUE
IMG_1934.JPG,FALSE,FALSE
IMG_1935.JPG,FALSE,FALSE
IMG_2557.JPG,FALSE,FALSE
IMG_0749.JPG,FALSE,FALSE
IMG_0750.JPG,FALSE,FALSE
IMG_0751.JPG,FALSE,FALSE
IMG_0558.JPG,FALSE,FALSE
IMG_0809.JPG,FALSE,FALSE
IMG_0559.JPG,FALSE,FALSE
IMG_1109.JPG,FALSE,FALSE
IMG_0761.JPG,FALSE,FALSE
IMG_0978.JPG,FALSE,FALSE
IMG_0777.JPG,FALSE,FALSE
IMG_0763.JPG,FALSE,FALSE
IMG_0549.JPG,FALSE,FALSE
IMG_0762.JPG,FALSE,FALSE
IMG_0979.JPG,FALSE,FALSE
IMG_0711.JPG,FALSE,FALSE
IMG_0710.JPG,FALSE,FALSE
IMG_0698.JPG,FALSE,FALSE
IMG_1025.JPG,FALSE,FALSE
IMG_1026.JPG,FALSE,FALSE
IMG_0729.JPG,FALSE,FALSE
IMG_0730.JPG,FALSE,FALSE
IMG_0687.JPG,FALSE,FALSE
IMG_0122.JPG,FALSE,FALSE
IMG_0123.JPG,FALSE,FALSE
IMG_0686.JPG,FALSE,FALSE
IMG_0731.JPG,FALSE,FALSE
IMG_0733.JPG,FALSE,FALSE
IMG_0121.JPG,FALSE,FALSE
IMG_0685.JPG,FALSE,FALSE
IMG_0709.JPG,FALSE,FALSE
IMG_0735.JPG,FALSE,FALSE
IMG_0697.JPG,FALSE,FALSE
IMG_0734.JPG,FALSE,FALSE
IMG_0551.JPG,FALSE,FALSE
IMG_0814.JPG,FALSE,FALSE
IMG_0815.JPG,FALSE,FALSE
IMG_0550.JPG,FALSE,FALSE
IMG_0977.JPG,FALSE,FALSE
IMG_0553.JPG,FALSE,FALSE
IMG_0557.JPG,FALSE,FALSE
IMG_0813.JPG,FALSE,FALSE
IMG_0554.JPG,FALSE,FALSE
IMG_0811.JPG,FALSE,FALSE
IMG_0810.JPG,FALSE,FALSE
IMG_0555.JPG,FALSE,FALSE
IMG_0029.JPG,FALSE,FALSE
IMG_0013.JPG,FALSE,FALSE
IMG_0561.JPG,FALSE,FALSE
IMG_0373.JPG,FALSE,FALSE
IMG_0706.JPG,FALSE,FALSE
IMG_0045.JPG,FALSE,FALSE
IMG_0021.JPG,FALSE,FALSE
IMG_1117.JPG,FALSE,FALSE
IMG_0745.JPG,FALSE,FALSE
IMG_0741.JPG,FALSE,FALSE
IMG_0033.JPG,FALSE,FALSE
IMG_1113.JPG,FALSE,FALSE
IMG_0025.JPG,FALSE,FALSE
IMG_0827.JPG,TRUE,FALSE
IMG_0826.JPG,TRUE,FALSE
IMG_0825.JPG,TRUE,FALSE
IMG_1861.JPG,FALSE,FALSE
IMG_1849.JPG,FALSE,FALSE
IMG_0217.JPG,FALSE,FALSE
IMG_0006.JPG,FALSE,FALSE
IMG_0358.JPG,FALSE,FALSE
IMG_0359.JPG,FALSE,FALSE
IMG_1669.JPG,FALSE,FALSE
IMG_0007.JPG,FALSE,FALSE
IMG_0005.JPG,FALSE,FALSE
IMG_1657.JPG,FALSE,FALSE
IMG_2410.JPG,FALSE,FALSE
IMG_2411.JPG,FALSE,FALSE
IMG_1802.JPG,FALSE,FALSE
IMG_1745.JPG,FALSE,FALSE
IMG_1751.JPG,FALSE,FALSE
IMG_1750.JPG,FALSE,FALSE
IMG_1817.JPG,FALSE,FALSE
IMG_1801.JPG,FALSE,FALSE
IMG_1829.JPG,FALSE,FALSE
IMG_2529.JPG,FALSE,FALSE
IMG_1753.JPG,FALSE,FALSE
IMG_0049.JPG,FALSE,FALSE
IMG_1421.JPG,FALSE,FALSE
IMG_0105.JPG,FALSE,FALSE
IMG_1805.JPG,FALSE,FALSE
IMG_1422.JPG,FALSE,FALSE
IMG_0106.JPG,FALSE,FALSE
IMG_0113.JPG,FALSE,FALSE
IMG_0107.JPG,FALSE,FALSE
IMG_1769.JPG,FALSE,FALSE
IMG_1423.JPG,FALSE,FALSE
IMG_1437.JPG,FALSE,FALSE
IMG_0081.JPG,FALSE,FALSE
IMG_1837.JPG,FALSE,FALSE
IMG_0254.JPG,FALSE,FALSE
IMG_1770.JPG,FALSE,FALSE
IMG_0693.JPG,FALSE,FALSE
IMG_2709.JPG,FALSE,FALSE
IMG_1771.JPG,FALSE,FALSE
IMG_0255.JPG,FALSE,FALSE
IMG_1439.JPG,FALSE,FALSE
IMG_1438.JPG,FALSE,FALSE
IMG_0050.JPG,FALSE,FALSE
IMG_1825.JPG,FALSE,FALSE
IMG_2531.JPG,FALSE,FALSE
IMG_2530.JPG,FALSE,FALSE
IMG_0253.JPG,FALSE,FALSE
IMG_1417.JPG,FALSE,FALSE
IMG_1761.JPG,FALSE,FALSE
IMG_1749.JPG,FALSE,FALSE
IMG_1833.JPG,FALSE,FALSE
IMG_0753.JPG,FALSE,FALSE
IMG_0357.JPG,FALSE,FALSE
IMG_2409.JPG,FALSE,FALSE
IMG_1841.JPG,FALSE,FALSE
IMG_1843.JPG,FALSE,FALSE
IMG_1857.JPG,FALSE,FALSE
IMG_1670.JPG,FALSE,FALSE
IMG_0817.JPG,FALSE,FALSE
IMG_2755.JPG,FALSE,FALSE
IMG_2754.JPG,FALSE,FALSE
IMG_1671.JPG,FALSE,FALSE
IMG_0209.JPG,FALSE,FALSE
IMG_1842.JPG,FALSE,FALSE
IMG_1463.JPG,FALSE,FALSE
IMG_0755.JPG,FALSE,FALSE
IMG_0219.JPG,FALSE,FALSE
IMG_0225.JPG,FALSE,FALSE
IMG_0806.JPG,FALSE,FALSE
IMG_0218.JPG,FALSE,FALSE
IMG_1853.JPG,FALSE,FALSE
IMG_0754.JPG,FALSE,FALSE
IMG_1462.JPG,FALSE,FALSE
IMG_1845.JPG,FALSE,FALSE
IMG_0226.JPG,FALSE,FALSE
IMG_0805.JPG,FALSE,FALSE
IMG_2753.JPG,FALSE,FALSE
IMG_0227.JPG,FALSE,FALSE
IMG_1461.JPG,FALSE,FALSE
IMG_2577.JPG,FALSE,FALSE
IMG_2579.JPG,FALSE,FALSE
IMG_2578.JPG,FALSE,FALSE
IMG_0717.JPG,FALSE,FALSE
IMG_0718.JPG,FALSE,FALSE
IMG_0719.JPG,FALSE,FALSE
DSCF0081.JPG,FALSE,Not found
DSCF0082.JPG,FALSE,Not found
DSCF0083.JPG,FALSE,Not found
DSCF0033.JPG,FALSE,Not found
DSCF0027.JPG,FALSE,Not found
DSCF0018.JPG,FALSE,Not found
DSCF0030.JPG,FALSE,Not found
DSCF0031.JPG,FALSE,Not found
DSCF0019.JPG,FALSE,Not found
DSCF0035.JPG,FALSE,Not found
DSCF0034.JPG,FALSE,Not found
DSCF0022.JPG,FALSE,Not found
DSCF0023.JPG,FALSE,Not found
DSCF0087.JPG,FALSE,Not found
DSCF0086.JPG,FALSE,Not found
DSCF0051.JPG,FALSE,Not found
DSCF0095.JPG,FALSE,Not found
DSCF0094.JPG,FALSE,Not found
DSCF0111.JPG,FALSE,Not found
DSCF0110.JPG,FALSE,Not found
DSCF0113.JPG,FALSE,Not found
DSCF0103.JPG,FALSE,Not found
DSCF0102.JPG,FALSE,Not found
DSCF0114.JPG,FALSE,Not found
DSCF0115.JPG,FALSE,Not found
DSCF0101.JPG,FALSE,Not found
DSCF0017.JPG,FALSE,Not found
DSCF0013.JPG,TRUE,Not found
DSCF0014.JPG,TRUE,Not found
DSCF0015.JPG,TRUE,Not found
DSCF0037.JPG,FALSE,Not found
DSCF0118.JPG,FALSE,Not found
DSCF0119.JPG,FALSE,Not found
DSCF0090.JPG,FALSE,Not found
DSCF0091.JPG,FALSE,Not found
DSCF0042.JPG,FALSE,Not found
DSCF0043.JPG,FALSE,Not found
DSCF0109.JPG,FALSE,Not found
DSCF0041.JPG,FALSE,Not found
DSCF0097.JPG,FALSE,Not found
DSCF0105.JPG,FALSE,Not found
DSCF0106.JPG,FALSE,Not found
DSCF0099.JPG,FALSE,Not found
DSCF0098.JPG,FALSE,Not found
DSCF0107.JPG,FALSE,Not found
DSCF0117.JPG,FALSE,Not found
DSCF0089.JPG,FALSE,Not found
DSCF0039.JPG,FALSE,Not found
DSCF0038.JPG,FALSE,Not found
DSCF0026.JPG,FALSE,Not found
DSCF0025.JPG,FALSE,Not found
DSCF0021.JPG,FALSE,Not found
DSCF0093.JPG,FALSE,Not found
DSCF0085.JPG,FALSE,Not found
DSCF0029.JPG,FALSE,Not found
DSCF0050.JPG,FALSE,Not found
DSCF0045.JPG,FALSE,Not found
DSCF0047.JPG,FALSE,Not found
DSCF0046.JPG,FALSE,Not found
DSCF0069.JPG,FALSE,Not found
DSCF0071.JPG,FALSE,Not found
DSCF0070.JPG,FALSE,Not found
DSCF0049.JPG,FALSE,Not found
DSCF0033.JPG,FALSE,Not found
DSCF0027.JPG,FALSE,Not found
DSCF0026.JPG,FALSE,Not found
DSCF0032.JPG,FALSE,Not found
DSCF0018.JPG,FALSE,Not found
DSCF0024.JPG,FALSE,Not found
DSCF0030.JPG,FALSE,Not found
DSCF0031.JPG,FALSE,Not found
DSCF0025.JPG,FALSE,Not found
DSCF0019.JPG,FALSE,Not found
DSCF0021.JPG,FALSE,Not found
DSCF0035.JPG,FALSE,Not found
DSCF0034.JPG,FALSE,Not found
DSCF0020.JPG,FALSE,Not found
DSCF0045.JPG,FALSE,FALSE
DSCF0046.JPG,FALSE,Not found
DSCF0042.JPG,FALSE,Not found
DSCF0043.JPG,FALSE,FALSE
DSCF0041.JPG,FALSE,FALSE
DSCF0040.JPG,FALSE,Not found
DSCF0038.JPG,FALSE,Not found
DSCF0028.JPG,FALSE,Not found
DSCF0029.JPG,FALSE,Not found
DSCF0015.JPG,FALSE,FALSE
DSCF0017.JPG,FALSE,Not found
DSCF0016.JPG,FALSE,Not found
DSCF0047.JPG,TRUE,Not found
DSCF0048.JPG,TRUE,Not found
DSCF0044.JPG,TRUE,FALSE
DSCF0033.JPG,FALSE,Not found
DSCF0035.JPG,FALSE,Not found
DSCF0034.JPG,FALSE,Not found
DSCF0665.JPG,FALSE,Not found
DSCF0666.JPG,FALSE,Not found
DSCF0667.JPG,FALSE,Not found
DSCF0769.JPG,FALSE,Not found
DSCF0782.JPG,FALSE,Not found
DSCF0783.JPG,FALSE,Not found
DSCF0781.JPG,FALSE,Not found
DSCF0757.JPG,FALSE,Not found
DSCF0747.JPG,FALSE,Not found
DSCF0746.JPG,FALSE,Not found
DSCF0829.JPG,FALSE,Not found
DSCF0817.JPG,FALSE,Not found
DSCF0750.JPG,FALSE,Not found
DSCF0022.JPG,FALSE,Not found
DSCF0778.JPG,FALSE,Not found
DSCF0779.JPG,FALSE,Not found
DSCF0023.JPG,FALSE,Not found
DSCF0745.JPG,FALSE,Not found
DSCF0751.JPG,FALSE,Not found
DSCF0642.JPG,FALSE,Not found
DSCF0865.JPG,FALSE,Not found
DSCF0871.JPG,FALSE,Not found
DSCF0911.JPG,FALSE,Not found
DSCF0905.JPG,FALSE,Not found
DSCF0939.JPG,FALSE,Not found
DSCF0938.JPG,FALSE,Not found
DSCF0910.JPG,FALSE,Not found
DSCF0870.JPG,FALSE,Not found
DSCF0643.JPG,FALSE,Not found
DSCF0641.JPG,FALSE,Not found
DSCF0866.JPG,FALSE,Not found
DSCF0906.JPG,FALSE,Not found
DSCF0913.JPG,FALSE,Not found
DSCF0867.JPG,FALSE,Not found
DSCF0873.JPG,FALSE,Not found
DSCF0650.JPG,FALSE,Not found
DSCF0877.JPG,FALSE,Not found
DSCF0917.JPG,FALSE,Not found
DSCF0651.JPG,FALSE,Not found
DSCF0889.JPG,FALSE,Not found
DSCF0874.JPG,FALSE,Not found
DSCF0914.JPG,FALSE,Not found
DSCF0915.JPG,FALSE,Not found
DSCF0929.JPG,FALSE,Not found
DSCF0875.JPG,FALSE,Not found
DSCF0849.JPG,FALSE,Not found
DSCF0887.JPG,FALSE,Not found
DSCF0893.JPG,FALSE,Not found
DSCF0850.JPG,FALSE,Not found
DSCF0878.JPG,FALSE,Not found
DSCF0703.JPG,FALSE,Not found
DSCF0930.JPG,FALSE,Not found
DSCF0918.JPG,FALSE,Not found
DSCF0919.JPG,FALSE,Not found
DSCF0925.JPG,FALSE,Not found
DSCF0931.JPG,FALSE,Not found
DSCF0702.JPG,FALSE,Not found
DSCF0879.JPG,FALSE,Not found
DSCF0851.JPG,FALSE,Not found
DSCF0845.JPG,FALSE,Not found
DSCF0886.JPG,FALSE,Not found
DSCF0890.JPG,FALSE,Not found
DSCF0853.JPG,FALSE,Not found
DSCF0847.JPG,FALSE,Not found
DSCF0927.JPG,FALSE,Not found
DSCF0933.JPG,FALSE,Not found
DSCF0926.JPG,FALSE,Not found
DSCF0701.JPG,FALSE,Not found
DSCF0846.JPG,FALSE,Not found
DSCF0885.JPG,FALSE,Not found
DSCF0649.JPG,FALSE,Not found
DSCF0891.JPG,FALSE,Not found
DSCF0895.JPG,FALSE,Not found
DSCF0881.JPG,FALSE,Not found
DSCF0842.JPG,FALSE,Not found
DSCF0922.JPG,FALSE,Not found
DSCF0937.JPG,FALSE,Not found
DSCF0923.JPG,FALSE,Not found
DSCF0843.JPG,FALSE,Not found
DSCF0894.JPG,FALSE,Not found
DSCF0882.JPG,FALSE,Not found
DSCF0869.JPG,FALSE,Not found
DSCF0841.JPG,FALSE,Not found
DSCF0855.JPG,FALSE,Not found
DSCF0706.JPG,FALSE,Not found
DSCF0909.JPG,FALSE,Not found
DSCF0935.JPG,FALSE,Not found
DSCF0921.JPG,FALSE,Not found
DSCF0934.JPG,FALSE,Not found
DSCF0707.JPG,FALSE,Not found
DSCF0854.JPG,FALSE,Not found
DSCF0883.JPG,FALSE,Not found
DSCF0827.JPG,FALSE,Not found
DSCF0749.JPG,FALSE,Not found
DSCF0826.JPG,FALSE,Not found
DSCF0830.JPG,FALSE,Not found
DSCF0818.JPG,FALSE,Not found
DSCF0777.JPG,FALSE,Not found
DSCF0819.JPG,FALSE,Not found
DSCF0825.JPG,FALSE,Not found
DSCF0831.JPG,FALSE,Not found
DSCF0821.JPG,FALSE,Not found
DSCF0941.JPG,FALSE,Not found
DSCF0822.JPG,FALSE,Not found
DSCF0771.JPG,FALSE,Not found
DSCF0759.JPG,FALSE,Not found
DSCF0942.JPG,FALSE,Not found
DSCF0943.JPG,FALSE,Not found
DSCF0758.JPG,FALSE,Not found
DSCF0770.JPG,FALSE,Not found
DSCF0823.JPG,FALSE,Not found
DSCF0021.JPG,FALSE,Not found
DSCF0774.JPG,FALSE,Not found
DSCF0775.JPG,FALSE,Not found
DSCF0773.JPG,FALSE,Not found
DSCF0839.JPG,FALSE,Not found
DSCF0838.JPG,FALSE,Not found
DSCF0837.JPG,FALSE,Not found
DSCF0755.JPG,TRUE,Not found
DSCF0741.JPG,TRUE,Not found
DSCF0754.JPG,TRUE,Not found
DSCF0742.JPG,TRUE,Not found
DSCF0743.JPG,TRUE,Not found
DSCF0753.JPG,TRUE,Not found
DSCF0949.JPG,TRUE,Not found
DSCF0722.JPG,TRUE,Not found
DSCF0723.JPG,TRUE,Not found
DSCF0737.JPG,TRUE,Not found
DSCF0709.JPG,TRUE,Not found
DSCF0721.JPG,TRUE,Not found
DSCF0735.JPG,TRUE,Not found
DSCF0734.JPG,TRUE,Not found
DSCF0730.JPG,TRUE,Not found
DSCF0718.JPG,TRUE,Not found
DSCF0719.JPG,TRUE,Not found
DSCF0731.JPG,TRUE,Not found
DSCF0725.JPG,TRUE,Not found
DSCF0733.JPG,TRUE,Not found
DSCF0727.JPG,TRUE,Not found
DSCF0726.JPG,TRUE,Not found
DSCF0717.JPG,TRUE,Not found
DSCF0714.JPG,TRUE,Not found
DSCF0715.JPG,TRUE,Not found
DSCF0729.JPG,TRUE,Not found
DSCF0705.JPG,TRUE,Not found
DSCF0711.JPG,TRUE,Not found
DSCF0739.JPG,TRUE,Not found
DSCF0738.JPG,TRUE,Not found
DSCF0710.JPG,TRUE,Not found
DSCF0713.JPG,TRUE,Not found
DSCF0950.JPG,TRUE,Not found
DSCF0951.JPG,TRUE,Not found
DSCF0813.JPG,FALSE,Not found
DSCF0814.JPG,FALSE,Not found
DSCF0815.JPG,FALSE,Not found
DSCF0899.JPG,FALSE,Not found
DSCF0898.JPG,FALSE,Not found
DSCF0897.JPG,FALSE,Not found
DSCF0766.JPG,FALSE,Not found
DSCF0767.JPG,FALSE,Not found
DSCF0765.JPG,FALSE,Not found
DSCF0790.JPG,TRUE,Not found
DSCF0791.JPG,TRUE,Not found
DSCF0657.JPG,TRUE,Not found
DSCF0669.JPG,TRUE,Not found
DSCF0663.JPG,TRUE,Not found
DSCF0662.JPG,TRUE,Not found
DSCF0661.JPG,TRUE,Not found
DSCF0671.JPG,TRUE,Not found
DSCF0659.JPG,TRUE,Not found
DSCF0658.JPG,TRUE,Not found
DSCF0670.JPG,TRUE,Not found
DSCF0789.JPG,TRUE,Not found
DSCF0806.JPG,FALSE,Not found
DSCF0807.JPG,FALSE,Not found
DSCF0811.JPG,FALSE,Not found
DSCF0805.JPG,FALSE,Not found
DSCF0810.JPG,FALSE,Not found
DSCF0785.JPG,FALSE,Not found
DSCF0787.JPG,FALSE,Not found
DSCF0786.JPG,FALSE,Not found
DSCF0655.JPG,FALSE,Not found
DSCF0654.JPG,FALSE,Not found
DSCF0653.JPG,FALSE,Not found
DSCF0833.JPG,FALSE,Not found
DSCF0947.JPG,FALSE,Not found
DSCF0946.JPG,FALSE,Not found
DSCF0761.JPG,FALSE,Not found
DSCF0763.JPG,FALSE,Not found
DSCF0945.JPG,FALSE,Not found
DSCF0762.JPG,FALSE,Not found
DSCF0809.JPG,FALSE,Not found
DSCF0835.JPG,FALSE,Not found
DSCF0834.JPG,FALSE,Not found
DSCF0042.JPG,FALSE,Not found
DSCF0043.JPG,FALSE,Not found
DSCF0109.JPG,FALSE,FALSE
DSCF0055.JPG,FALSE,Not found
DSCF0041.JPG,FALSE,Not found
DSCF0054.JPG,FALSE,Not found
DSCF0105.JPG,FALSE,Not found
DSCF0111.JPG,FALSE,FALSE
DSCF0110.JPG,FALSE,FALSE
DSCF0106.JPG,FALSE,Not found
DSCF0107.JPG,FALSE,Not found
DSCF0001.JPG,FALSE,Not found
DSCF0003.JPG,FALSE,Not found
DSCF0002.JPG,FALSE,Not found
DSCF0045.JPG,FALSE,Not found
DSCF0047.JPG,FALSE,Not found
DSCF0046.JPG,FALSE,Not found
DSCF0057.JPG,FALSE,FALSE
DSCF0059.JPG,FALSE,FALSE
DSCF0058.JPG,FALSE,FALSE
DSCF0033.JPG,TRUE,Not found
DSCF0027.JPG,TRUE,Not found
DSCF0026.JPG,TRUE,Not found
DSCF0018.JPG,TRUE,Not found
DSCF0030.JPG,TRUE,Not found
DSCF0031.JPG,TRUE,Not found
DSCF0025.JPG,TRUE,Not found
DSCF0019.JPG,TRUE,Not found
DSCF0021.JPG,TRUE,Not found
DSCF0035.JPG,TRUE,Not found
DSCF0009.JPG,TRUE,Not found
DSCF0034.JPG,TRUE,Not found
DSCF0022.JPG,TRUE,Not found
DSCF0023.JPG,TRUE,Not found
DSCF0037.JPG,TRUE,Not found
DSCF0078.JPG,TRUE,Not found
DSCF0093.JPG,TRUE,Not found
DSCF0087.JPG,TRUE,Not found
DSCF0086.JPG,TRUE,Not found
DSCF0079.JPG,TRUE,Not found
DSCF0125.JPG,TRUE,Not found
DSCF0127.JPG,TRUE,Not found
DSCF0090.JPG,TRUE,Not found
DSCF0091.JPG,TRUE,Not found
DSCF0085.JPG,TRUE,Not found
DSCF0126.JPG,TRUE,Not found
DSCF0081.JPG,TRUE,Not found
DSCF0095.JPG,TRUE,Not found
DSCF0094.JPG,TRUE,Not found
DSCF0069.JPG,TRUE,Not found
DSCF0082.JPG,TRUE,Not found
DSCF0083.JPG,TRUE,Not found
DSCF0097.JPG,TRUE,Not found
DSCF0071.JPG,TRUE,Not found
DSCF0070.JPG,TRUE,Not found
DSCF0099.JPG,TRUE,Not found
DSCF0098.JPG,TRUE,Not found
DSCF0073.JPG,TRUE,Not found
DSCF0103.JPG,TRUE,Not found
DSCF0077.JPG,TRUE,Not found
DSCF0089.JPG,TRUE,Not found
DSCF0102.JPG,TRUE,Not found
DSCF0074.JPG,TRUE,Not found
DSCF0075.JPG,TRUE,Not found
DSCF0101.JPG,TRUE,Not found
DSCF0006.JPG,TRUE,Not found
DSCF0007.JPG,TRUE,Not found
DSCF0013.JPG,TRUE,Not found
DSCF0039.JPG,TRUE,Not found
DSCF0005.JPG,TRUE,Not found
DSCF0011.JPG,TRUE,Not found
DSCF0010.JPG,TRUE,Not found
DSCF0038.JPG,TRUE,Not found
DSCF0014.JPG,TRUE,Not found
DSCF0029.JPG,TRUE,Not found
DSCF0015.JPG,TRUE,Not found
DSCF0017.JPG,TRUE,Not found
DSCF0053.JPG,FALSE,Not found
DSCF0065.JPG,TRUE,Not found
DSCF0066.JPG,TRUE,Not found
DSCF0067.JPG,TRUE,Not found
DSCF0063.JPG,TRUE,Not found
DSCF0062.JPG,TRUE,Not found
DSCF0061.JPG,TRUE,Not found
DSCF0001.JPG,FALSE,FALSE
DSCF0003.JPG,FALSE,FALSE
DSCF0002.JPG,FALSE,FALSE
DSCF0013.JPG,FALSE,TRUE
DSCF0014.JPG,FALSE,TRUE
DSCF0015.JPG,FALSE,TRUE
DSCF0018.JPG,TRUE,Not found
DSCF0019.JPG,TRUE,Not found
DSCF0009.JPG,TRUE,FALSE
DSCF0006.JPG,TRUE,FALSE
DSCF0007.JPG,TRUE,FALSE
DSCF0005.JPG,TRUE,FALSE
DSCF0011.JPG,TRUE,TRUE
DSCF0010.JPG,TRUE,TRUE
DSCF0017.JPG,TRUE,Not found
DSCF0018.JPG,FALSE,Not found
DSCF0019.JPG,FALSE,Not found
DSCF0021.JPG,FALSE,Not found
DSCF0009.JPG,FALSE,Not found
DSCF0020.JPG,FALSE,Not found
DSCF0006.JPG,FALSE,Not found
DSCF0007.JPG,FALSE,Not found
DSCF0013.JPG,FALSE,Not found
DSCF0005.JPG,FALSE,Not found
DSCF0011.JPG,FALSE,Not found
DSCF0010.JPG,FALSE,Not found
DSCF0014.JPG,FALSE,Not found
DSCF0015.JPG,FALSE,Not found
DSCF0017.JPG,FALSE,Not found
DSCF0003.JPG,FALSE,Not found
DSCF0027.JPG,TRUE,Not found
DSCF0026.JPG,TRUE,Not found
DSCF0025.JPG,TRUE,Not found
DSCF0008.JPG,TRUE,Not found
DSCF0023.JPG,TRUE,Not found
DSCF0053.JPG,TRUE,Not found
DSCF0056.JPG,TRUE,Not found
DSCF0055.JPG,TRUE,Not found
DSCF0054.JPG,TRUE,Not found
DSCF0064.JPG,TRUE,Not found
DSCF0002 (2).JPG,TRUE,Not found
DSCF0012.JPG,TRUE,Not found
DSCF0001.JPG,TRUE,Not found
DSCF0001 (2).JPG,TRUE,Not found
DSCF0003.JPG,TRUE,Not found
DSCF0002.JPG,TRUE,Not found
DSCF0016.JPG,FALSE,FALSE
DSCF0024.JPG,TRUE,Not found
DSCF0057.JPG,TRUE,Not found
DSCF0058.JPG,TRUE,Not found
DSCF0063.JPG,TRUE,Not found
DSCF0062.JPG,TRUE,Not found
DSCF0004.JPG,TRUE,Not found
DSCF0069.JPG,FALSE,Not found
DSCF0068.JPG,FALSE,Not found
DSCF0070.JPG,FALSE,Not found
DSCF0067.JPG,FALSE,Not found
DSCF0009.JPG,FALSE,FALSE
DSCF0011.JPG,FALSE,TRUE
DSCF0010.JPG,FALSE,FALSE
DSCF0022.JPG,FALSE,FALSE
DSCF0023.JPG,FALSE,FALSE
DSCF0006.JPG,FALSE,Not found
DSCF0007.JPG,FALSE,Not found
DSCF0005.JPG,FALSE,Not found
DSCF0021.JPG,FALSE,FALSE
DSCF0013.JPG,FALSE,FALSE
DSCF0014.JPG,FALSE,TRUE
DSCF0015.JPG,FALSE,TRUE
DSCF0027.JPG,TRUE,FALSE
DSCF0026.JPG,TRUE,FALSE
DSCF0025.JPG,TRUE,FALSE
DSCF0001.JPG,TRUE,Not found
DSCF0003.JPG,TRUE,Not found
DSCF0002.JPG,TRUE,Not found
DSCF0018.JPG,FALSE,TRUE
DSCF0019.JPG,FALSE,TRUE
DSCF0017.JPG,FALSE,FALSE
DSCF0035.JPG,FALSE,Not found
DSCF0008.JPG,FALSE,Not found
DSCF0034.JPG,FALSE,FALSE
DSCF0020.JPG,FALSE,FALSE
DSCF0046.JPG,FALSE,TRUE
DSCF0042.JPG,FALSE,FALSE
DSCF0048.JPG,FALSE,TRUE
DSCF0012.JPG,FALSE,FALSE
DSCF0006.JPG,FALSE,FALSE
DSCF0005.JPG,FALSE,FALSE
DSCF0010.JPG,FALSE,FALSE
DSCF0004.JPG,FALSE,FALSE
DSCF0028.JPG,FALSE,FALSE
DSCF0029.JPG,FALSE,TRUE
DSCF0017.JPG,FALSE,FALSE
DSCF0002.JPG,FALSE,FALSE
DSCF0009.JPG,TRUE,FALSE
DSCF0051.JPG,TRUE,TRUE
DSCF0033.JPG,FALSE,TRUE
DSCF0027.JPG,FALSE,FALSE
DSCF0026.JPG,FALSE,FALSE
DSCF0032.JPG,FALSE,TRUE
DSCF0018.JPG,FALSE,FALSE
DSCF0030.JPG,FALSE,TRUE
DSCF0031.JPG,FALSE,FALSE
DSCF0025.JPG,FALSE,FALSE
DSCF0021.JPG,FALSE,FALSE
DSCF0022.JPG,FALSE,FALSE
DSCF0023.JPG,FALSE,TRUE
DSCF0037.JPG,FALSE,FALSE
DSCF0045.JPG,FALSE,FALSE
DSCF0047.JPG,FALSE,TRUE
DSCF0041.JPG,FALSE,TRUE
DSCF0040.JPG,FALSE,TRUE
DSCF0007.JPG,FALSE,FALSE
DSCF0013.JPG,FALSE,FALSE
DSCF0011.JPG,FALSE,FALSE
DSCF0038.JPG,FALSE,FALSE
DSCF0014.JPG,FALSE,FALSE
DSCF0015.JPG,FALSE,FALSE
DSCF0003.JPG,FALSE,FALSE
DSCF0016.JPG,FALSE,TRUE
DSCF0019.JPG,FALSE,FALSE
DSCF0050.JPG,FALSE,Not found
DSCF0024.JPG,FALSE,FALSE
DSCF0036.JPG,FALSE,Not found
DSCF0044.JPG,FALSE,FALSE
DSCF0043.JPG,FALSE,Not found
DSCF0049.JPG,FALSE,FALSE
DSCF0039.JPG,FALSE,Not found
DSCF0001.JPG,FALSE,Not found
DSCF0001.JPG,FALSE,Not found
DSCF0003.JPG,FALSE,Not found
DSCF0002.JPG,FALSE,Not found
DSCF0006.JPG,FALSE,Not found
DSCF0007.JPG,FALSE,Not found
DSCF0005.JPG,FALSE,Not found
